<step title="Incoming Request" date="2025-11-23T22:47:27.732" instance="4674be" url="/api/deployments/latest?deployer=OneDeploy&amp;time=2025-11-23_22-46-17Z" method="GET" type="request" pid="855,1,29" Host="hashingworkshoplogica-gjc2bhe2e8fpa3g3.scm.brazilsouth-01.azurewebsites.net" User-Agent="GITHUBACTIONS_DeployWebAppToAzure_5e95d6022cf6a5888ffee81f589163d620e6495c5eb196937077d69850f0d7ef" Authorization="Bea..." Content-Type="application/json; charset=utf-8" Cookie="ARRAffinity=4674be82b396abaf83d02ae5cb9797e3302ed577226c6d832720658f6837fffe;Path=/;HttpOnly;Secure;Domain=hashingworkshoplogica-gjc2bhe2e8fpa3g3.scm.brazilsouth-01.azurewebsites.net; ARRAffinitySameSite=4674be82b396abaf83d02ae5cb9797e3302ed577226c6d832720658f6837fffe;Path=/;HttpOnly;SameSite=None;Secure;Domain=hashingworkshoplogica-gjc2bhe2e8fpa3g3.scm.brazilsouth-01.azurewebsites.net" Content-Length="0" X-ARR-LOG-ID="d62f6e00-25dc-42d8-ad02-4b4daf207dfb" CLIENT-IP="172.215.217.194:5143" X-SITE-DEPLOYMENT-ID="HashingWorkshopLogica" WAS-DEFAULT-HOSTNAME="hashingworkshoplogica-gjc2bhe2e8fpa3g3.scm.brazilsouth-01.azurewebsites.net" X-Forwarded-Proto="https" X-AppService-Proto="https" X-Forwarded-TlsVersion="1.3" X-WAWS-Unencoded-URL="/api/deployments/latest?deployer=OneDeploy&amp;time=2025-11-23_22-46-17Z" X-Client-IP="172.215.217.194" X-Client-Port="5143" >
  <step title="Cleanup Xml Logs" date="2025-11-23T22:47:27.772" >
    <step title="Cleanup Infos" date="2025-11-23T22:47:27.862" totalFiles="348" totalCleanup="188" /><!-- duration: 23ms -->
  </step><!-- duration: 133ms -->
  <step title="DeploymentService.GetResult" date="2025-11-23T22:47:28.004" >
    <step title="DeploymentService.GetLatestDeployment" date="2025-11-23T22:47:28.045" >
      <step title="DeploymentManager.GetResults" date="2025-11-23T22:47:28.076" /><!-- duration: 2203ms -->
    </step><!-- duration: 2345ms -->
  </step><!-- duration: 2417ms -->
  <step title="Outgoing response" date="2025-11-23T22:47:30.499" type="response" statusCode="202" statusText="Accepted" /><!-- duration: 71ms -->
</step><!-- duration: 2860ms -->
