<step title="Incoming Request" date="2025-11-23T21:13:53.045" instance="4674be" url="/api/deployments/latest?deployer=OneDeploy&amp;time=2025-11-23_21-13-30Z" method="GET" type="request" pid="851,1,63" Host="hashingworkshoplogica-gjc2bhe2e8fpa3g3.scm.brazilsouth-01.azurewebsites.net" User-Agent="GITHUBACTIONS_DeployWebAppToAzure_5e95d6022cf6a5888ffee81f589163d620e6495c5eb196937077d69850f0d7ef" Authorization="Bea..." Content-Type="application/json; charset=utf-8" Cookie="ARRAffinity=4674be82b396abaf83d02ae5cb9797e3302ed577226c6d832720658f6837fffe;Path=/;HttpOnly;Secure;Domain=hashingworkshoplogica-gjc2bhe2e8fpa3g3.scm.brazilsouth-01.azurewebsites.net; ARRAffinitySameSite=4674be82b396abaf83d02ae5cb9797e3302ed577226c6d832720658f6837fffe;Path=/;HttpOnly;SameSite=None;Secure;Domain=hashingworkshoplogica-gjc2bhe2e8fpa3g3.scm.brazilsouth-01.azurewebsites.net" Content-Length="0" X-ARR-LOG-ID="8ce0ce62-9474-494d-ba25-22f0cf6f3a30" CLIENT-IP="57.151.137.36:21537" X-SITE-DEPLOYMENT-ID="HashingWorkshopLogica" WAS-DEFAULT-HOSTNAME="hashingworkshoplogica-gjc2bhe2e8fpa3g3.scm.brazilsouth-01.azurewebsites.net" X-Forwarded-Proto="https" X-AppService-Proto="https" X-Forwarded-TlsVersion="1.3" X-WAWS-Unencoded-URL="/api/deployments/latest?deployer=OneDeploy&amp;time=2025-11-23_21-13-30Z" X-Client-IP="57.151.137.36" X-Client-Port="21537" >
  <step title="Cleanup Xml Logs" date="2025-11-23T21:13:53.064" >
    <step title="Cleanup Infos" date="2025-11-23T21:13:53.295" totalFiles="249" totalCleanup="89" /><!-- duration: 59ms -->
  </step><!-- duration: 313ms -->
  <step title="DeploymentService.GetResult" date="2025-11-23T21:13:53.447" >
    <step title="DeploymentService.GetLatestDeployment" date="2025-11-23T21:13:53.487" >
      <step title="DeploymentManager.GetResults" date="2025-11-23T21:13:53.538" /><!-- duration: 1969ms -->
    </step><!-- duration: 2039ms -->
  </step><!-- duration: 2090ms -->
  <step title="Outgoing response" date="2025-11-23T21:13:55.549" type="response" statusCode="202" statusText="Accepted" /><!-- duration: 9ms -->
</step><!-- duration: 2522ms -->
