<step title="Incoming Request" date="2025-11-23T16:09:55.135" instance="4674be" url="/api/publish?async=true&amp;deployer=GITHUB_ONE_DEPLOY&amp;type=zip&amp;message=%7B%22type%22%3A%22deployment%22%2C%22sha%22%3A%22da5b238ea0ae88a3c22e8be5b9c5f410f06a73fd%22%2C%22repoName%22%3A%22AlejandroBotero%2FWorkshops-LyR%22%2C%22actor%22%3A%22AlejandroBotero%22%2C%22slotName%22%3A%22Production%22%2C%22commitMessage%22%3A%22changed%20api%20for%20news%20in%20url%22%7D" method="POST" type="request" pid="851,1,42" Host="hashingworkshoplogica-gjc2bhe2e8fpa3g3.scm.brazilsouth-01.azurewebsites.net" User-Agent="GITHUBACTIONS_DeployWebAppToAzure_5e95d6022cf6a5888ffee81f589163d620e6495c5eb196937077d69850f0d7ef" Authorization="Bea..." Content-Type="application/octet-stream" Cookie="ARRAffinity=4674be82b396abaf83d02ae5cb9797e3302ed577226c6d832720658f6837fffe;Path=/;HttpOnly;Secure;Domain=hashingworkshoplogica-gjc2bhe2e8fpa3g3.scm.brazilsouth-01.azurewebsites.net; ARRAffinitySameSite=4674be82b396abaf83d02ae5cb9797e3302ed577226c6d832720658f6837fffe;Path=/;HttpOnly;SameSite=None;Secure;Domain=hashingworkshoplogica-gjc2bhe2e8fpa3g3.scm.brazilsouth-01.azurewebsites.net" Transfer-Encoding="chunked" X-ARR-LOG-ID="c6b27d69-6b60-4c65-b644-4cbae10f21ab" CLIENT-IP="20.55.126.243:19472" X-SITE-DEPLOYMENT-ID="HashingWorkshopLogica" WAS-DEFAULT-HOSTNAME="hashingworkshoplogica-gjc2bhe2e8fpa3g3.scm.brazilsouth-01.azurewebsites.net" X-Forwarded-Proto="https" X-AppService-Proto="https" X-Forwarded-TlsVersion="1.3" X-WAWS-Unencoded-URL="/api/publish?async=true&amp;deployer=GITHUB_ONE_DEPLOY&amp;type=zip&amp;message=%7B%22type%22%3A%22deployment%22%2C%22sha%22%3A%22da5b238ea0ae88a3c22e8be5b9c5f410f06a73fd%22%2C%22repoName%22%3A%22AlejandroBotero%2FWorkshops-LyR%22%2C%22actor%22%3A%22AlejandroBotero%22%2C%22slotName%22%3A%22Production%22%2C%22commitMessage%22%3A%22changed%20api%20for%20news%20in%20url%22%7D" X-Client-IP="20.55.126.243" X-Client-Port="19472" >
  <step title="OneDeploy" date="2025-11-23T16:09:55.153" >
    <step title="Starting PushDeployAsync" date="2025-11-23T16:09:55.162" /><!-- duration: 5ms -->
    <step title="Writing artifact to /tmp/zipdeploy/58601e54-390b-41e5-9662-1470cd6b4b5d.zip" date="2025-11-23T16:09:55.215" >
      <step title="Writing multipart request body to /tmp/zipdeploy/58601e54-390b-41e5-9662-1470cd6b4b5d.zip" date="2025-11-23T16:09:55.220" /><!-- duration: 6ms -->
    </step><!-- duration: 132ms -->
    <step title="Removing previous build artifact&apos;s manifest file" date="2025-11-23T16:09:55.361" >
      <step title="Start deployment in the background" date="2025-11-23T16:09:55.560" >
        <step title="Acquiring Deployment Lock" date="2025-11-23T16:09:55.639" /><!-- duration: 3ms -->
        <step title="Acquired Deployment Lock" date="2025-11-23T16:09:55.735" /><!-- duration: 29ms -->
      </step><!-- duration: 379ms -->
    </step><!-- duration: 606ms -->
    <step title="Outgoing response" date="2025-11-23T16:09:55.988" type="response" statusCode="202" statusText="Accepted" /><!-- duration: 19ms -->
  </step><!-- duration: 856ms -->
