<step title="Incoming Request" date="2025-11-23T21:16:31.074" instance="4674be" url="/api/deployments/latest?deployer=OneDeploy&amp;time=2025-11-23_21-15-29Z" method="GET" type="request" pid="851,1,39" Host="hashingworkshoplogica-gjc2bhe2e8fpa3g3.scm.brazilsouth-01.azurewebsites.net" User-Agent="GITHUBACTIONS_DeployWebAppToAzure_5e95d6022cf6a5888ffee81f589163d620e6495c5eb196937077d69850f0d7ef" Authorization="Bea..." Content-Type="application/json; charset=utf-8" Cookie="ARRAffinity=4674be82b396abaf83d02ae5cb9797e3302ed577226c6d832720658f6837fffe;Path=/;HttpOnly;Secure;Domain=hashingworkshoplogica-gjc2bhe2e8fpa3g3.scm.brazilsouth-01.azurewebsites.net; ARRAffinitySameSite=4674be82b396abaf83d02ae5cb9797e3302ed577226c6d832720658f6837fffe;Path=/;HttpOnly;SameSite=None;Secure;Domain=hashingworkshoplogica-gjc2bhe2e8fpa3g3.scm.brazilsouth-01.azurewebsites.net" Content-Length="0" X-ARR-LOG-ID="5d6cf169-3487-4944-9322-b09eb2079d4f" CLIENT-IP="172.208.152.214:27649" X-SITE-DEPLOYMENT-ID="HashingWorkshopLogica" WAS-DEFAULT-HOSTNAME="hashingworkshoplogica-gjc2bhe2e8fpa3g3.scm.brazilsouth-01.azurewebsites.net" X-Forwarded-Proto="https" X-AppService-Proto="https" X-Forwarded-TlsVersion="1.3" X-WAWS-Unencoded-URL="/api/deployments/latest?deployer=OneDeploy&amp;time=2025-11-23_21-15-29Z" X-Client-IP="172.208.152.214" X-Client-Port="27649" >
  <step title="Cleanup Xml Logs" date="2025-11-23T21:16:31.121" >
    <step title="Cleanup Infos" date="2025-11-23T21:16:31.232" totalFiles="271" totalCleanup="111" /><!-- duration: 71ms -->
  </step><!-- duration: 242ms -->
  <step title="DeploymentService.GetResult" date="2025-11-23T21:16:31.385" >
    <step title="DeploymentService.GetLatestDeployment" date="2025-11-23T21:16:31.415" >
      <step title="DeploymentManager.GetResults" date="2025-11-23T21:16:31.434" /><!-- duration: 1993ms -->
    </step><!-- duration: 2053ms -->
  </step><!-- duration: 2102ms -->
  <step title="Outgoing response" date="2025-11-23T21:16:33.506" type="response" statusCode="202" statusText="Accepted" /><!-- duration: 19ms -->
</step><!-- duration: 2481ms -->
