<step title="Incoming Request" date="2025-11-23T22:46:16.633" instance="4674be" url="/api/publish?async=true&amp;deployer=GITHUB_ONE_DEPLOY&amp;type=zip&amp;message=%7B%22type%22%3A%22deployment%22%2C%22sha%22%3A%22f5aa0542a116992cfe287c1769a5a2392fcfee87%22%2C%22repoName%22%3A%22AlejandroBotero%2FWorkshops-LyR%22%2C%22actor%22%3A%22AlejandroBotero%22%2C%22slotName%22%3A%22Production%22%2C%22commitMessage%22%3A%22Remove%20obsolete%20sse_queue%20import%20from%20sse_handlers%22%7D" method="POST" type="request" pid="855,1,31" Host="hashingworkshoplogica-gjc2bhe2e8fpa3g3.scm.brazilsouth-01.azurewebsites.net" User-Agent="GITHUBACTIONS_DeployWebAppToAzure_5e95d6022cf6a5888ffee81f589163d620e6495c5eb196937077d69850f0d7ef" Authorization="Bea..." Content-Type="application/octet-stream" Cookie="ARRAffinity=4674be82b396abaf83d02ae5cb9797e3302ed577226c6d832720658f6837fffe;Path=/;HttpOnly;Secure;Domain=hashingworkshoplogica-gjc2bhe2e8fpa3g3.scm.brazilsouth-01.azurewebsites.net; ARRAffinitySameSite=4674be82b396abaf83d02ae5cb9797e3302ed577226c6d832720658f6837fffe;Path=/;HttpOnly;SameSite=None;Secure;Domain=hashingworkshoplogica-gjc2bhe2e8fpa3g3.scm.brazilsouth-01.azurewebsites.net" Transfer-Encoding="chunked" X-ARR-LOG-ID="a1468ee6-00ea-48a1-8802-88be8d204de0" CLIENT-IP="172.215.217.194:5136" X-SITE-DEPLOYMENT-ID="HashingWorkshopLogica" WAS-DEFAULT-HOSTNAME="hashingworkshoplogica-gjc2bhe2e8fpa3g3.scm.brazilsouth-01.azurewebsites.net" X-Forwarded-Proto="https" X-AppService-Proto="https" X-Forwarded-TlsVersion="1.3" X-WAWS-Unencoded-URL="/api/publish?async=true&amp;deployer=GITHUB_ONE_DEPLOY&amp;type=zip&amp;message=%7B%22type%22%3A%22deployment%22%2C%22sha%22%3A%22f5aa0542a116992cfe287c1769a5a2392fcfee87%22%2C%22repoName%22%3A%22AlejandroBotero%2FWorkshops-LyR%22%2C%22actor%22%3A%22AlejandroBotero%22%2C%22slotName%22%3A%22Production%22%2C%22commitMessage%22%3A%22Remove%20obsolete%20sse_queue%20import%20from%20sse_handlers%22%7D" X-Client-IP="172.215.217.194" X-Client-Port="5136" >
  <step title="OneDeploy" date="2025-11-23T22:46:16.674" >
    <step title="Starting PushDeployAsync" date="2025-11-23T22:46:16.685" /><!-- duration: 5ms -->
    <step title="Writing artifact to /tmp/zipdeploy/6b5091de-5c69-4145-95f8-fcf62db45467.zip" date="2025-11-23T22:46:16.706" >
      <step title="Writing multipart request body to /tmp/zipdeploy/6b5091de-5c69-4145-95f8-fcf62db45467.zip" date="2025-11-23T22:46:16.715" /><!-- duration: 7ms -->
    </step><!-- duration: 251ms -->
    <step title="Removing previous build artifact&apos;s manifest file" date="2025-11-23T22:46:16.998" >
      <step title="Start deployment in the background" date="2025-11-23T22:46:17.039" >
        <step title="Acquiring Deployment Lock" date="2025-11-23T22:46:17.079" /><!-- duration: 5ms -->
        <step title="Acquired Deployment Lock" date="2025-11-23T22:46:17.129" /><!-- duration: 4ms -->
      </step><!-- duration: 240ms -->
    </step><!-- duration: 302ms -->
    <step title="Outgoing response" date="2025-11-23T22:46:17.311" type="response" statusCode="202" statusText="Accepted" /><!-- duration: 11ms -->
  </step><!-- duration: 685ms -->
