<step title="Incoming Request" date="2025-11-23T22:30:41.291" instance="4674be" url="/api/deployments/latest?deployer=OneDeploy&amp;time=2025-11-23_22-29-18Z" method="GET" type="request" pid="855,1,29" Host="hashingworkshoplogica-gjc2bhe2e8fpa3g3.scm.brazilsouth-01.azurewebsites.net" User-Agent="GITHUBACTIONS_DeployWebAppToAzure_5e95d6022cf6a5888ffee81f589163d620e6495c5eb196937077d69850f0d7ef" Authorization="Bea..." Content-Type="application/json; charset=utf-8" Cookie="ARRAffinity=4674be82b396abaf83d02ae5cb9797e3302ed577226c6d832720658f6837fffe;Path=/;HttpOnly;Secure;Domain=hashingworkshoplogica-gjc2bhe2e8fpa3g3.scm.brazilsouth-01.azurewebsites.net; ARRAffinitySameSite=4674be82b396abaf83d02ae5cb9797e3302ed577226c6d832720658f6837fffe;Path=/;HttpOnly;SameSite=None;Secure;Domain=hashingworkshoplogica-gjc2bhe2e8fpa3g3.scm.brazilsouth-01.azurewebsites.net" Content-Length="0" X-ARR-LOG-ID="2081acd6-ce79-4244-8471-6bd6996d9c9b" CLIENT-IP="172.182.195.128:48130" X-SITE-DEPLOYMENT-ID="HashingWorkshopLogica" WAS-DEFAULT-HOSTNAME="hashingworkshoplogica-gjc2bhe2e8fpa3g3.scm.brazilsouth-01.azurewebsites.net" X-Forwarded-Proto="https" X-AppService-Proto="https" X-Forwarded-TlsVersion="1.3" X-WAWS-Unencoded-URL="/api/deployments/latest?deployer=OneDeploy&amp;time=2025-11-23_22-29-18Z" X-Client-IP="172.182.195.128" X-Client-Port="48130" >
  <step title="Cleanup Xml Logs" date="2025-11-23T22:30:41.328" >
    <step title="Cleanup Infos" date="2025-11-23T22:30:41.410" totalFiles="326" totalCleanup="166" /><!-- duration: 19ms -->
  </step><!-- duration: 121ms -->
  <step title="DeploymentService.GetResult" date="2025-11-23T22:30:41.478" >
    <step title="DeploymentService.GetLatestDeployment" date="2025-11-23T22:30:41.488" >
      <step title="DeploymentManager.GetResults" date="2025-11-23T22:30:41.498" /><!-- duration: 1149ms -->
    </step><!-- duration: 1178ms -->
  </step><!-- duration: 1198ms -->
  <step title="Outgoing response" date="2025-11-23T22:30:42.695" type="response" statusCode="202" statusText="Accepted" /><!-- duration: 10ms -->
</step><!-- duration: 1423ms -->
