<step title="Incoming Request" date="2025-11-23T18:07:36.626" instance="4674be" url="/api/deployments/latest?deployer=OneDeploy&amp;time=2025-11-23_18-06-45Z" method="GET" type="request" pid="851,1,19" Host="hashingworkshoplogica-gjc2bhe2e8fpa3g3.scm.brazilsouth-01.azurewebsites.net" User-Agent="GITHUBACTIONS_DeployWebAppToAzure_5e95d6022cf6a5888ffee81f589163d620e6495c5eb196937077d69850f0d7ef" Authorization="Bea..." Content-Type="application/json; charset=utf-8" Cookie="ARRAffinity=4674be82b396abaf83d02ae5cb9797e3302ed577226c6d832720658f6837fffe;Path=/;HttpOnly;Secure;Domain=hashingworkshoplogica-gjc2bhe2e8fpa3g3.scm.brazilsouth-01.azurewebsites.net; ARRAffinitySameSite=4674be82b396abaf83d02ae5cb9797e3302ed577226c6d832720658f6837fffe;Path=/;HttpOnly;SameSite=None;Secure;Domain=hashingworkshoplogica-gjc2bhe2e8fpa3g3.scm.brazilsouth-01.azurewebsites.net" Content-Length="0" X-ARR-LOG-ID="2c159cf6-b716-40e5-ae2d-3dd230dd9ab3" CLIENT-IP="64.236.133.192:50177" X-SITE-DEPLOYMENT-ID="HashingWorkshopLogica" WAS-DEFAULT-HOSTNAME="hashingworkshoplogica-gjc2bhe2e8fpa3g3.scm.brazilsouth-01.azurewebsites.net" X-Forwarded-Proto="https" X-AppService-Proto="https" X-Forwarded-TlsVersion="1.3" X-WAWS-Unencoded-URL="/api/deployments/latest?deployer=OneDeploy&amp;time=2025-11-23_18-06-45Z" X-Client-IP="64.236.133.192" X-Client-Port="50177" >
  <step title="Cleanup Xml Logs" date="2025-11-23T18:07:36.665" >
    <step title="Cleanup Infos" date="2025-11-23T18:07:36.735" totalFiles="232" totalCleanup="72" /><!-- duration: 33ms -->
  </step><!-- duration: 141ms -->
  <step title="DeploymentService.GetResult" date="2025-11-23T18:07:36.876" >
    <step title="DeploymentService.GetLatestDeployment" date="2025-11-23T18:07:36.896" >
      <step title="DeploymentManager.GetResults" date="2025-11-23T18:07:36.906" /><!-- duration: 1471ms -->
    </step><!-- duration: 1499ms -->
  </step><!-- duration: 1531ms -->
  <step title="Outgoing response" date="2025-11-23T18:07:38.425" type="response" statusCode="202" statusText="Accepted" /><!-- duration: 20ms -->
</step><!-- duration: 1832ms -->
