<step title="Incoming Request" date="2025-11-23T22:10:01.656" instance="4674be" url="/api/deployments/latest?deployer=OneDeploy&amp;time=2025-11-23_22-09-02Z" method="GET" type="request" pid="855,1,5" Host="hashingworkshoplogica-gjc2bhe2e8fpa3g3.scm.brazilsouth-01.azurewebsites.net" User-Agent="GITHUBACTIONS_DeployWebAppToAzure_5e95d6022cf6a5888ffee81f589163d620e6495c5eb196937077d69850f0d7ef" Authorization="Bea..." Content-Type="application/json; charset=utf-8" Cookie="ARRAffinity=4674be82b396abaf83d02ae5cb9797e3302ed577226c6d832720658f6837fffe;Path=/;HttpOnly;Secure;Domain=hashingworkshoplogica-gjc2bhe2e8fpa3g3.scm.brazilsouth-01.azurewebsites.net; ARRAffinitySameSite=4674be82b396abaf83d02ae5cb9797e3302ed577226c6d832720658f6837fffe;Path=/;HttpOnly;SameSite=None;Secure;Domain=hashingworkshoplogica-gjc2bhe2e8fpa3g3.scm.brazilsouth-01.azurewebsites.net" Content-Length="0" X-ARR-LOG-ID="f770c9ef-ee75-4b20-9911-db7f17a8c025" CLIENT-IP="135.237.130.177:34824" X-SITE-DEPLOYMENT-ID="HashingWorkshopLogica" WAS-DEFAULT-HOSTNAME="hashingworkshoplogica-gjc2bhe2e8fpa3g3.scm.brazilsouth-01.azurewebsites.net" X-Forwarded-Proto="https" X-AppService-Proto="https" X-Forwarded-TlsVersion="1.3" X-WAWS-Unencoded-URL="/api/deployments/latest?deployer=OneDeploy&amp;time=2025-11-23_22-09-02Z" X-Client-IP="135.237.130.177" X-Client-Port="34824" >
  <step title="Cleanup Xml Logs" date="2025-11-23T22:10:01.676" >
    <step title="Cleanup Infos" date="2025-11-23T22:10:01.776" totalFiles="300" totalCleanup="140" /><!-- duration: 22ms -->
  </step><!-- duration: 140ms -->
  <step title="DeploymentService.GetResult" date="2025-11-23T22:10:01.848" >
    <step title="DeploymentService.GetLatestDeployment" date="2025-11-23T22:10:01.888" >
      <step title="DeploymentManager.GetResults" date="2025-11-23T22:10:01.908" /><!-- duration: 2159ms -->
    </step><!-- duration: 2232ms -->
  </step><!-- duration: 2310ms -->
  <step title="Outgoing response" date="2025-11-23T22:10:04.289" type="response" statusCode="202" statusText="Accepted" /><!-- duration: 60ms -->
</step><!-- duration: 2744ms -->
