<step title="Incoming Request" date="2025-11-23T18:00:28.782" instance="4674be" url="/api/publish?async=true&amp;deployer=GITHUB_ONE_DEPLOY&amp;type=zip&amp;message=%7B%22type%22%3A%22deployment%22%2C%22sha%22%3A%227beeb0befd6058234065b4983d8f5e6d6e0fd8bd%22%2C%22repoName%22%3A%22AlejandroBotero%2FWorkshops-LyR%22%2C%22actor%22%3A%22AlejandroBotero%22%2C%22slotName%22%3A%22Production%22%2C%22commitMessage%22%3A%22Optimize%20services%20to%20fix%20504%20timeouts%22%7D" method="POST" type="request" pid="851,1,35" Host="hashingworkshoplogica-gjc2bhe2e8fpa3g3.scm.brazilsouth-01.azurewebsites.net" User-Agent="GITHUBACTIONS_DeployWebAppToAzure_5e95d6022cf6a5888ffee81f589163d620e6495c5eb196937077d69850f0d7ef" Authorization="Bea..." Content-Type="application/octet-stream" Cookie="ARRAffinity=4674be82b396abaf83d02ae5cb9797e3302ed577226c6d832720658f6837fffe;Path=/;HttpOnly;Secure;Domain=hashingworkshoplogica-gjc2bhe2e8fpa3g3.scm.brazilsouth-01.azurewebsites.net; ARRAffinitySameSite=4674be82b396abaf83d02ae5cb9797e3302ed577226c6d832720658f6837fffe;Path=/;HttpOnly;SameSite=None;Secure;Domain=hashingworkshoplogica-gjc2bhe2e8fpa3g3.scm.brazilsouth-01.azurewebsites.net" Transfer-Encoding="chunked" X-ARR-LOG-ID="97fdfc69-40f0-4373-8ae5-2b9ae5721452" CLIENT-IP="52.225.25.99:10264" X-SITE-DEPLOYMENT-ID="HashingWorkshopLogica" WAS-DEFAULT-HOSTNAME="hashingworkshoplogica-gjc2bhe2e8fpa3g3.scm.brazilsouth-01.azurewebsites.net" X-Forwarded-Proto="https" X-AppService-Proto="https" X-Forwarded-TlsVersion="1.3" X-WAWS-Unencoded-URL="/api/publish?async=true&amp;deployer=GITHUB_ONE_DEPLOY&amp;type=zip&amp;message=%7B%22type%22%3A%22deployment%22%2C%22sha%22%3A%227beeb0befd6058234065b4983d8f5e6d6e0fd8bd%22%2C%22repoName%22%3A%22AlejandroBotero%2FWorkshops-LyR%22%2C%22actor%22%3A%22AlejandroBotero%22%2C%22slotName%22%3A%22Production%22%2C%22commitMessage%22%3A%22Optimize%20services%20to%20fix%20504%20timeouts%22%7D" X-Client-IP="52.225.25.99" X-Client-Port="10264" >
  <step title="OneDeploy" date="2025-11-23T18:00:28.813" >
    <step title="Starting PushDeployAsync" date="2025-11-23T18:00:28.841" /><!-- duration: 3ms -->
    <step title="Writing artifact to /tmp/zipdeploy/1ff301a2-b0a8-4739-8596-58b29f7a7cd4.zip" date="2025-11-23T18:00:28.918" >
      <step title="Writing multipart request body to /tmp/zipdeploy/1ff301a2-b0a8-4739-8596-58b29f7a7cd4.zip" date="2025-11-23T18:00:28.930" /><!-- duration: 19ms -->
    </step><!-- duration: 212ms -->
    <step title="Removing previous build artifact&apos;s manifest file" date="2025-11-23T18:00:29.150" >
      <step title="Start deployment in the background" date="2025-11-23T18:00:29.192" >
        <step title="Acquiring Deployment Lock" date="2025-11-23T18:00:29.243" /><!-- duration: 11ms -->
        <step title="Acquired Deployment Lock" date="2025-11-23T18:00:29.303" /><!-- duration: 4ms -->
      </step><!-- duration: 219ms -->
    </step><!-- duration: 267ms -->
    <step title="Outgoing response" date="2025-11-23T18:00:29.419" type="response" statusCode="202" statusText="Accepted" /><!-- duration: 3ms -->
  </step><!-- duration: 612ms -->
