<step title="Incoming Request" date="2025-11-23T22:09:24.432" instance="4674be" url="/api/deployments/latest?deployer=OneDeploy&amp;time=2025-11-23_22-09-02Z" method="GET" type="request" pid="855,1,5" Host="hashingworkshoplogica-gjc2bhe2e8fpa3g3.scm.brazilsouth-01.azurewebsites.net" User-Agent="GITHUBACTIONS_DeployWebAppToAzure_5e95d6022cf6a5888ffee81f589163d620e6495c5eb196937077d69850f0d7ef" Authorization="Bea..." Content-Type="application/json; charset=utf-8" Cookie="ARRAffinity=4674be82b396abaf83d02ae5cb9797e3302ed577226c6d832720658f6837fffe;Path=/;HttpOnly;Secure;Domain=hashingworkshoplogica-gjc2bhe2e8fpa3g3.scm.brazilsouth-01.azurewebsites.net; ARRAffinitySameSite=4674be82b396abaf83d02ae5cb9797e3302ed577226c6d832720658f6837fffe;Path=/;HttpOnly;SameSite=None;Secure;Domain=hashingworkshoplogica-gjc2bhe2e8fpa3g3.scm.brazilsouth-01.azurewebsites.net" Content-Length="0" X-ARR-LOG-ID="3e19b7ed-8c68-4710-bc60-ba3e88148488" CLIENT-IP="135.237.130.177:34825" X-SITE-DEPLOYMENT-ID="HashingWorkshopLogica" WAS-DEFAULT-HOSTNAME="hashingworkshoplogica-gjc2bhe2e8fpa3g3.scm.brazilsouth-01.azurewebsites.net" X-Forwarded-Proto="https" X-AppService-Proto="https" X-Forwarded-TlsVersion="1.3" X-WAWS-Unencoded-URL="/api/deployments/latest?deployer=OneDeploy&amp;time=2025-11-23_22-09-02Z" X-Client-IP="135.237.130.177" X-Client-Port="34825" >
  <step title="Cleanup Xml Logs" date="2025-11-23T22:09:24.441" >
    <step title="Cleanup Infos" date="2025-11-23T22:09:24.482" totalFiles="295" totalCleanup="135" /><!-- duration: 31ms -->
  </step><!-- duration: 83ms -->
  <step title="DeploymentService.GetResult" date="2025-11-23T22:09:24.594" >
    <step title="DeploymentService.GetLatestDeployment" date="2025-11-23T22:09:24.625" >
      <step title="DeploymentManager.GetResults" date="2025-11-23T22:09:24.635" /><!-- duration: 1366ms -->
    </step><!-- duration: 1399ms -->
  </step><!-- duration: 1467ms -->
  <step title="Outgoing response" date="2025-11-23T22:09:26.083" type="response" statusCode="202" statusText="Accepted" /><!-- duration: 10ms -->
</step><!-- duration: 1671ms -->
