<step title="Incoming Request" date="2025-11-23T22:09:01.799" instance="4674be" url="/api/publish?async=true&amp;deployer=GITHUB_ONE_DEPLOY&amp;type=zip&amp;message=%7B%22type%22%3A%22deployment%22%2C%22sha%22%3A%221a9d71ba680551d877ba4d7d04d26bcc17f8f927%22%2C%22repoName%22%3A%22AlejandroBotero%2FWorkshops-LyR%22%2C%22actor%22%3A%22AlejandroBotero%22%2C%22slotName%22%3A%22Production%22%2C%22commitMessage%22%3A%22Implement%20SSE%20broadcasting%20with%20per-client%20queues%22%7D" method="POST" type="request" pid="855,1,17" Host="hashingworkshoplogica-gjc2bhe2e8fpa3g3.scm.brazilsouth-01.azurewebsites.net" User-Agent="GITHUBACTIONS_DeployWebAppToAzure_5e95d6022cf6a5888ffee81f589163d620e6495c5eb196937077d69850f0d7ef" Authorization="Bea..." Content-Type="application/octet-stream" Cookie="ARRAffinity=4674be82b396abaf83d02ae5cb9797e3302ed577226c6d832720658f6837fffe;Path=/;HttpOnly;Secure;Domain=hashingworkshoplogica-gjc2bhe2e8fpa3g3.scm.brazilsouth-01.azurewebsites.net; ARRAffinitySameSite=4674be82b396abaf83d02ae5cb9797e3302ed577226c6d832720658f6837fffe;Path=/;HttpOnly;SameSite=None;Secure;Domain=hashingworkshoplogica-gjc2bhe2e8fpa3g3.scm.brazilsouth-01.azurewebsites.net" Transfer-Encoding="chunked" X-ARR-LOG-ID="50bcb8d8-e673-4a52-99bc-8007809da35e" CLIENT-IP="135.237.130.177:34824" X-SITE-DEPLOYMENT-ID="HashingWorkshopLogica" WAS-DEFAULT-HOSTNAME="hashingworkshoplogica-gjc2bhe2e8fpa3g3.scm.brazilsouth-01.azurewebsites.net" X-Forwarded-Proto="https" X-AppService-Proto="https" X-Forwarded-TlsVersion="1.3" X-WAWS-Unencoded-URL="/api/publish?async=true&amp;deployer=GITHUB_ONE_DEPLOY&amp;type=zip&amp;message=%7B%22type%22%3A%22deployment%22%2C%22sha%22%3A%221a9d71ba680551d877ba4d7d04d26bcc17f8f927%22%2C%22repoName%22%3A%22AlejandroBotero%2FWorkshops-LyR%22%2C%22actor%22%3A%22AlejandroBotero%22%2C%22slotName%22%3A%22Production%22%2C%22commitMessage%22%3A%22Implement%20SSE%20broadcasting%20with%20per-client%20queues%22%7D" X-Client-IP="135.237.130.177" X-Client-Port="34824" >
  <step title="OneDeploy" date="2025-11-23T22:09:02.112" >
    <step title="None repository commit" date="2025-11-23T22:09:02.172" >
      <step title="Commit id: cc1b4b74-fbaf-458e-8b42-3467675a4a75" date="2025-11-23T22:09:02.203" Message="N/A" AuthorName="N/A" AuthorEmail="N/A" /><!-- duration: 51ms -->
    </step><!-- duration: 120ms -->
    <step title="Starting PushDeployAsync" date="2025-11-23T22:09:02.313" /><!-- duration: 29ms -->
    <step title="Writing artifact to /tmp/zipdeploy/7f21f5ba-26ff-475c-b1ce-b974b513aeef.zip" date="2025-11-23T22:09:02.434" >
      <step title="Writing multipart request body to /tmp/zipdeploy/7f21f5ba-26ff-475c-b1ce-b974b513aeef.zip" date="2025-11-23T22:09:02.443" /><!-- duration: 29ms -->
    </step><!-- duration: 223ms -->
    <step title="Removing previous build artifact&apos;s manifest file" date="2025-11-23T22:09:02.668" >
      <step title="Start deployment in the background" date="2025-11-23T22:09:02.696" >
        <step title="Acquiring Deployment Lock" date="2025-11-23T22:09:02.734" /><!-- duration: 4ms -->
        <step title="Acquired Deployment Lock" date="2025-11-23T22:09:02.791" /><!-- duration: 9ms -->
      </step><!-- duration: 281ms -->
    </step><!-- duration: 323ms -->
    <step title="Outgoing response" date="2025-11-23T22:09:03.003" type="response" statusCode="202" statusText="Accepted" /><!-- duration: 4ms -->
  </step><!-- duration: 898ms -->
