<step title="Incoming Request" date="2025-11-23T18:06:44.906" instance="4674be" url="/api/publish?async=true&amp;deployer=GITHUB_ONE_DEPLOY&amp;type=zip&amp;message=%7B%22type%22%3A%22deployment%22%2C%22sha%22%3A%22be8368e595d180ce49e91fa1335e01410fb64042%22%2C%22repoName%22%3A%22AlejandroBotero%2FWorkshops-LyR%22%2C%22actor%22%3A%22AlejandroBotero%22%2C%22slotName%22%3A%22Production%22%2C%22commitMessage%22%3A%22Optimize%20services%20to%20fix%20504%20timeouts%22%7D" method="POST" type="request" pid="851,1,16" Host="hashingworkshoplogica-gjc2bhe2e8fpa3g3.scm.brazilsouth-01.azurewebsites.net" User-Agent="GITHUBACTIONS_DeployWebAppToAzure_5e95d6022cf6a5888ffee81f589163d620e6495c5eb196937077d69850f0d7ef" Authorization="Bea..." Content-Type="application/octet-stream" Cookie="ARRAffinity=4674be82b396abaf83d02ae5cb9797e3302ed577226c6d832720658f6837fffe;Path=/;HttpOnly;Secure;Domain=hashingworkshoplogica-gjc2bhe2e8fpa3g3.scm.brazilsouth-01.azurewebsites.net; ARRAffinitySameSite=4674be82b396abaf83d02ae5cb9797e3302ed577226c6d832720658f6837fffe;Path=/;HttpOnly;SameSite=None;Secure;Domain=hashingworkshoplogica-gjc2bhe2e8fpa3g3.scm.brazilsouth-01.azurewebsites.net" Transfer-Encoding="chunked" X-ARR-LOG-ID="ea476a6a-abcc-464e-871c-855ba75960a6" CLIENT-IP="64.236.133.192:50176" X-SITE-DEPLOYMENT-ID="HashingWorkshopLogica" WAS-DEFAULT-HOSTNAME="hashingworkshoplogica-gjc2bhe2e8fpa3g3.scm.brazilsouth-01.azurewebsites.net" X-Forwarded-Proto="https" X-AppService-Proto="https" X-Forwarded-TlsVersion="1.3" X-WAWS-Unencoded-URL="/api/publish?async=true&amp;deployer=GITHUB_ONE_DEPLOY&amp;type=zip&amp;message=%7B%22type%22%3A%22deployment%22%2C%22sha%22%3A%22be8368e595d180ce49e91fa1335e01410fb64042%22%2C%22repoName%22%3A%22AlejandroBotero%2FWorkshops-LyR%22%2C%22actor%22%3A%22AlejandroBotero%22%2C%22slotName%22%3A%22Production%22%2C%22commitMessage%22%3A%22Optimize%20services%20to%20fix%20504%20timeouts%22%7D" X-Client-IP="64.236.133.192" X-Client-Port="50176" >
  <step title="OneDeploy" date="2025-11-23T18:06:44.918" >
    <step title="Starting PushDeployAsync" date="2025-11-23T18:06:44.933" /><!-- duration: 3ms -->
    <step title="Writing artifact to /tmp/zipdeploy/7eee09da-acd8-44dc-830e-1e0e95c45d46.zip" date="2025-11-23T18:06:44.955" >
      <step title="Writing multipart request body to /tmp/zipdeploy/7eee09da-acd8-44dc-830e-1e0e95c45d46.zip" date="2025-11-23T18:06:44.973" /><!-- duration: 11ms -->
    </step><!-- duration: 190ms -->
    <step title="Removing previous build artifact&apos;s manifest file" date="2025-11-23T18:06:45.149" >
      <step title="Start deployment in the background" date="2025-11-23T18:06:45.175" >
        <step title="Acquiring Deployment Lock" date="2025-11-23T18:06:45.225" /><!-- duration: 3ms -->
        <step title="Acquired Deployment Lock" date="2025-11-23T18:06:45.271" /><!-- duration: 3ms -->
      </step><!-- duration: 176ms -->
    </step><!-- duration: 207ms -->
    <step title="Outgoing response" date="2025-11-23T18:06:45.360" type="response" statusCode="202" statusText="Accepted" /><!-- duration: 3ms -->
  </step><!-- duration: 447ms -->
