<step title="Incoming Request" date="2025-11-23T22:29:18.346" instance="4674be" url="/api/publish?async=true&amp;deployer=GITHUB_ONE_DEPLOY&amp;type=zip&amp;message=%7B%22type%22%3A%22deployment%22%2C%22sha%22%3A%225164de18a9b967e5041d8a1a5bfdbe6620f1b839%22%2C%22repoName%22%3A%22AlejandroBotero%2FWorkshops-LyR%22%2C%22actor%22%3A%22AlejandroBotero%22%2C%22slotName%22%3A%22Production%22%2C%22commitMessage%22%3A%22Remove%20unused%20sse_queue%20import%22%7D" method="POST" type="request" pid="855,1,16" Host="hashingworkshoplogica-gjc2bhe2e8fpa3g3.scm.brazilsouth-01.azurewebsites.net" User-Agent="GITHUBACTIONS_DeployWebAppToAzure_5e95d6022cf6a5888ffee81f589163d620e6495c5eb196937077d69850f0d7ef" Authorization="Bea..." Content-Type="application/octet-stream" Cookie="ARRAffinity=4674be82b396abaf83d02ae5cb9797e3302ed577226c6d832720658f6837fffe;Path=/;HttpOnly;Secure;Domain=hashingworkshoplogica-gjc2bhe2e8fpa3g3.scm.brazilsouth-01.azurewebsites.net; ARRAffinitySameSite=4674be82b396abaf83d02ae5cb9797e3302ed577226c6d832720658f6837fffe;Path=/;HttpOnly;SameSite=None;Secure;Domain=hashingworkshoplogica-gjc2bhe2e8fpa3g3.scm.brazilsouth-01.azurewebsites.net" Transfer-Encoding="chunked" X-ARR-LOG-ID="b401f7d4-86d8-4664-8d14-fa89eca79773" CLIENT-IP="172.182.195.128:48128" X-SITE-DEPLOYMENT-ID="HashingWorkshopLogica" WAS-DEFAULT-HOSTNAME="hashingworkshoplogica-gjc2bhe2e8fpa3g3.scm.brazilsouth-01.azurewebsites.net" X-Forwarded-Proto="https" X-AppService-Proto="https" X-Forwarded-TlsVersion="1.3" X-WAWS-Unencoded-URL="/api/publish?async=true&amp;deployer=GITHUB_ONE_DEPLOY&amp;type=zip&amp;message=%7B%22type%22%3A%22deployment%22%2C%22sha%22%3A%225164de18a9b967e5041d8a1a5bfdbe6620f1b839%22%2C%22repoName%22%3A%22AlejandroBotero%2FWorkshops-LyR%22%2C%22actor%22%3A%22AlejandroBotero%22%2C%22slotName%22%3A%22Production%22%2C%22commitMessage%22%3A%22Remove%20unused%20sse_queue%20import%22%7D" X-Client-IP="172.182.195.128" X-Client-Port="48128" >
  <step title="OneDeploy" date="2025-11-23T22:29:18.377" >
    <step title="Starting PushDeployAsync" date="2025-11-23T22:29:18.386" /><!-- duration: 11ms -->
    <step title="Writing artifact to /tmp/zipdeploy/52dd3405-d3d9-4d01-b665-29f985be6eae.zip" date="2025-11-23T22:29:18.429" >
      <step title="Writing multipart request body to /tmp/zipdeploy/52dd3405-d3d9-4d01-b665-29f985be6eae.zip" date="2025-11-23T22:29:18.436" /><!-- duration: 10ms -->
    </step><!-- duration: 214ms -->
    <step title="Removing previous build artifact&apos;s manifest file" date="2025-11-23T22:29:18.648" >
      <step title="Start deployment in the background" date="2025-11-23T22:29:18.673" >
        <step title="Acquiring Deployment Lock" date="2025-11-23T22:29:18.693" /><!-- duration: 11ms -->
        <step title="Acquired Deployment Lock" date="2025-11-23T22:29:18.742" /><!-- duration: 4ms -->
      </step><!-- duration: 173ms -->
    </step><!-- duration: 204ms -->
    <step title="Outgoing response" date="2025-11-23T22:29:18.857" type="response" statusCode="202" statusText="Accepted" /><!-- duration: 4ms -->
  </step><!-- duration: 487ms -->
