<step title="Incoming Request" date="2025-11-23T22:47:10.425" instance="4674be" url="/api/deployments/latest?deployer=OneDeploy&amp;time=2025-11-23_22-46-17Z" method="GET" type="request" pid="855,1,3" Host="hashingworkshoplogica-gjc2bhe2e8fpa3g3.scm.brazilsouth-01.azurewebsites.net" User-Agent="GITHUBACTIONS_DeployWebAppToAzure_5e95d6022cf6a5888ffee81f589163d620e6495c5eb196937077d69850f0d7ef" Authorization="Bea..." Content-Type="application/json; charset=utf-8" Cookie="ARRAffinity=4674be82b396abaf83d02ae5cb9797e3302ed577226c6d832720658f6837fffe;Path=/;HttpOnly;Secure;Domain=hashingworkshoplogica-gjc2bhe2e8fpa3g3.scm.brazilsouth-01.azurewebsites.net; ARRAffinitySameSite=4674be82b396abaf83d02ae5cb9797e3302ed577226c6d832720658f6837fffe;Path=/;HttpOnly;SameSite=None;Secure;Domain=hashingworkshoplogica-gjc2bhe2e8fpa3g3.scm.brazilsouth-01.azurewebsites.net" Content-Length="0" X-ARR-LOG-ID="5f15dc84-0b81-4551-951b-a0d08e74e86c" CLIENT-IP="172.215.217.194:5142" X-SITE-DEPLOYMENT-ID="HashingWorkshopLogica" WAS-DEFAULT-HOSTNAME="hashingworkshoplogica-gjc2bhe2e8fpa3g3.scm.brazilsouth-01.azurewebsites.net" X-Forwarded-Proto="https" X-AppService-Proto="https" X-Forwarded-TlsVersion="1.3" X-WAWS-Unencoded-URL="/api/deployments/latest?deployer=OneDeploy&amp;time=2025-11-23_22-46-17Z" X-Client-IP="172.215.217.194" X-Client-Port="5142" >
  <step title="Cleanup Xml Logs" date="2025-11-23T22:47:10.474" >
    <step title="Cleanup Infos" date="2025-11-23T22:47:10.645" totalFiles="346" totalCleanup="186" /><!-- duration: 32ms -->
  </step><!-- duration: 290ms -->
  <step title="DeploymentService.GetResult" date="2025-11-23T22:47:10.867" >
    <step title="DeploymentService.GetLatestDeployment" date="2025-11-23T22:47:10.928" >
      <step title="DeploymentManager.GetResults" date="2025-11-23T22:47:10.987" /><!-- duration: 1728ms -->
    </step><!-- duration: 1806ms -->
  </step><!-- duration: 1889ms -->
  <step title="Outgoing response" date="2025-11-23T22:47:12.845" type="response" statusCode="202" statusText="Accepted" /><!-- duration: 11ms -->
</step><!-- duration: 2470ms -->
