<step title="Incoming Request" date="2025-11-23T21:15:29.032" instance="4674be" url="/api/publish?async=true&amp;deployer=GITHUB_ONE_DEPLOY&amp;type=zip&amp;message=%7B%22type%22%3A%22deployment%22%2C%22sha%22%3A%227a1d19b653ab0f3ad119bdc244d7ee074dce2903%22%2C%22repoName%22%3A%22AlejandroBotero%2FWorkshops-LyR%22%2C%22actor%22%3A%22AlejandroBotero%22%2C%22slotName%22%3A%22Production%22%2C%22commitMessage%22%3A%22Fix%20duplicate%20argument%20in%20sse_handlers.py%22%7D" method="POST" type="request" pid="851,1,57" Host="hashingworkshoplogica-gjc2bhe2e8fpa3g3.scm.brazilsouth-01.azurewebsites.net" User-Agent="GITHUBACTIONS_DeployWebAppToAzure_5e95d6022cf6a5888ffee81f589163d620e6495c5eb196937077d69850f0d7ef" Authorization="Bea..." Content-Type="application/octet-stream" Cookie="ARRAffinity=4674be82b396abaf83d02ae5cb9797e3302ed577226c6d832720658f6837fffe;Path=/;HttpOnly;Secure;Domain=hashingworkshoplogica-gjc2bhe2e8fpa3g3.scm.brazilsouth-01.azurewebsites.net; ARRAffinitySameSite=4674be82b396abaf83d02ae5cb9797e3302ed577226c6d832720658f6837fffe;Path=/;HttpOnly;SameSite=None;Secure;Domain=hashingworkshoplogica-gjc2bhe2e8fpa3g3.scm.brazilsouth-01.azurewebsites.net" Transfer-Encoding="chunked" X-ARR-LOG-ID="91234842-a60a-4d94-8936-9a8332760b82" CLIENT-IP="172.208.152.214:27648" X-SITE-DEPLOYMENT-ID="HashingWorkshopLogica" WAS-DEFAULT-HOSTNAME="hashingworkshoplogica-gjc2bhe2e8fpa3g3.scm.brazilsouth-01.azurewebsites.net" X-Forwarded-Proto="https" X-AppService-Proto="https" X-Forwarded-TlsVersion="1.3" X-WAWS-Unencoded-URL="/api/publish?async=true&amp;deployer=GITHUB_ONE_DEPLOY&amp;type=zip&amp;message=%7B%22type%22%3A%22deployment%22%2C%22sha%22%3A%227a1d19b653ab0f3ad119bdc244d7ee074dce2903%22%2C%22repoName%22%3A%22AlejandroBotero%2FWorkshops-LyR%22%2C%22actor%22%3A%22AlejandroBotero%22%2C%22slotName%22%3A%22Production%22%2C%22commitMessage%22%3A%22Fix%20duplicate%20argument%20in%20sse_handlers.py%22%7D" X-Client-IP="172.208.152.214" X-Client-Port="27648" >
  <step title="OneDeploy" date="2025-11-23T21:15:29.113" >
    <step title="Starting PushDeployAsync" date="2025-11-23T21:15:29.143" /><!-- duration: 10ms -->
    <step title="Writing artifact to /tmp/zipdeploy/f2431e50-6a5d-4356-9518-98be3e163d43.zip" date="2025-11-23T21:15:29.283" >
      <step title="Writing multipart request body to /tmp/zipdeploy/f2431e50-6a5d-4356-9518-98be3e163d43.zip" date="2025-11-23T21:15:29.293" /><!-- duration: 11ms -->
    </step><!-- duration: 120ms -->
    <step title="Removing previous build artifact&apos;s manifest file" date="2025-11-23T21:15:29.442" >
      <step title="Start deployment in the background" date="2025-11-23T21:15:29.485" >
        <step title="Acquiring Deployment Lock" date="2025-11-23T21:15:29.635" /><!-- duration: 10ms -->
        <step title="Acquired Deployment Lock" date="2025-11-23T21:15:29.716" /><!-- duration: 17ms -->
      </step><!-- duration: 431ms -->
    </step><!-- duration: 496ms -->
    <step title="Outgoing response" date="2025-11-23T21:15:29.957" type="response" statusCode="202" statusText="Accepted" /><!-- duration: 31ms -->
  </step><!-- duration: 905ms -->
