<step title="Incoming Request" date="2025-11-23T14:36:41.178" instance="4674be" url="/api/publish?async=true&amp;deployer=GITHUB_ONE_DEPLOY&amp;type=zip&amp;message=%7B%22type%22%3A%22deployment%22%2C%22sha%22%3A%228df243c7b4622ecd1892553367656bd9f5c31f6f%22%2C%22repoName%22%3A%22AlejandroBotero%2FWorkshops-LyR%22%2C%22actor%22%3A%22AlejandroBotero%22%2C%22slotName%22%3A%22Production%22%2C%22commitMessage%22%3A%22Add%20or%20update%20the%20Azure%20App%20Service%20build%20and%20deployment%20workflow%20config%22%7D" method="POST" type="request" pid="851,1,5" Host="hashingworkshoplogica-gjc2bhe2e8fpa3g3.scm.brazilsouth-01.azurewebsites.net" User-Agent="GITHUBACTIONS_DeployWebAppToAzure_5e95d6022cf6a5888ffee81f589163d620e6495c5eb196937077d69850f0d7ef" Authorization="Bea..." Content-Type="application/octet-stream" Cookie="ARRAffinity=4674be82b396abaf83d02ae5cb9797e3302ed577226c6d832720658f6837fffe;Path=/;HttpOnly;Secure;Domain=hashingworkshoplogica-gjc2bhe2e8fpa3g3.scm.brazilsouth-01.azurewebsites.net; ARRAffinitySameSite=4674be82b396abaf83d02ae5cb9797e3302ed577226c6d832720658f6837fffe;Path=/;HttpOnly;SameSite=None;Secure;Domain=hashingworkshoplogica-gjc2bhe2e8fpa3g3.scm.brazilsouth-01.azurewebsites.net" Transfer-Encoding="chunked" X-ARR-LOG-ID="ea327193-3c36-4d2f-8ccd-ae65ce1b8cd5" CLIENT-IP="52.159.227.192:37888" X-SITE-DEPLOYMENT-ID="HashingWorkshopLogica" WAS-DEFAULT-HOSTNAME="hashingworkshoplogica-gjc2bhe2e8fpa3g3.scm.brazilsouth-01.azurewebsites.net" X-Forwarded-Proto="https" X-AppService-Proto="https" X-Forwarded-TlsVersion="1.3" X-WAWS-Unencoded-URL="/api/publish?async=true&amp;deployer=GITHUB_ONE_DEPLOY&amp;type=zip&amp;message=%7B%22type%22%3A%22deployment%22%2C%22sha%22%3A%228df243c7b4622ecd1892553367656bd9f5c31f6f%22%2C%22repoName%22%3A%22AlejandroBotero%2FWorkshops-LyR%22%2C%22actor%22%3A%22AlejandroBotero%22%2C%22slotName%22%3A%22Production%22%2C%22commitMessage%22%3A%22Add%20or%20update%20the%20Azure%20App%20Service%20build%20and%20deployment%20workflow%20config%22%7D" X-Client-IP="52.159.227.192" X-Client-Port="37888" >
  <step title="OneDeploy" date="2025-11-23T14:36:41.352" >
    <step title="None repository commit" date="2025-11-23T14:36:41.366" >
      <step title="Commit id: 57094d8e-264e-4540-aed5-74e3bd86a4ee" date="2025-11-23T14:36:41.370" Message="N/A" AuthorName="N/A" AuthorEmail="N/A" /><!-- duration: 3ms -->
    </step><!-- duration: 9ms -->
    <step title="Starting PushDeployAsync" date="2025-11-23T14:36:41.379" /><!-- duration: 3ms -->
    <step title="Writing artifact to /tmp/zipdeploy/fd6f3911-5bcc-4776-a56f-f91e716a4b25.zip" date="2025-11-23T14:36:41.404" >
      <step title="Writing multipart request body to /tmp/zipdeploy/fd6f3911-5bcc-4776-a56f-f91e716a4b25.zip" date="2025-11-23T14:36:41.415" /><!-- duration: 16ms -->
    </step><!-- duration: 270ms -->
    <step title="Start deployment in the background" date="2025-11-23T14:36:41.688" >
      <step title="Acquiring Deployment Lock" date="2025-11-23T14:36:41.723" /><!-- duration: 3ms -->
      <step title="Acquired Deployment Lock" date="2025-11-23T14:36:41.762" /><!-- duration: 3ms -->
    </step><!-- duration: 193ms -->
  </step><!-- duration: 536ms -->
  <step title="Outgoing response" date="2025-11-23T14:36:41.906" type="response" statusCode="202" statusText="Accepted" /><!-- duration: 3ms -->
</step><!-- duration: 735ms -->
