<step title="Incoming Request" date="2025-11-23T22:46:47.888" instance="4674be" url="/api/deployments/latest?deployer=OneDeploy&amp;time=2025-11-23_22-46-17Z" method="GET" type="request" pid="855,1,3" Host="hashingworkshoplogica-gjc2bhe2e8fpa3g3.scm.brazilsouth-01.azurewebsites.net" User-Agent="GITHUBACTIONS_DeployWebAppToAzure_5e95d6022cf6a5888ffee81f589163d620e6495c5eb196937077d69850f0d7ef" Authorization="Bea..." Content-Type="application/json; charset=utf-8" Cookie="ARRAffinity=4674be82b396abaf83d02ae5cb9797e3302ed577226c6d832720658f6837fffe;Path=/;HttpOnly;Secure;Domain=hashingworkshoplogica-gjc2bhe2e8fpa3g3.scm.brazilsouth-01.azurewebsites.net; ARRAffinitySameSite=4674be82b396abaf83d02ae5cb9797e3302ed577226c6d832720658f6837fffe;Path=/;HttpOnly;SameSite=None;Secure;Domain=hashingworkshoplogica-gjc2bhe2e8fpa3g3.scm.brazilsouth-01.azurewebsites.net" Content-Length="0" X-ARR-LOG-ID="2f4a8c63-b414-4886-8bad-ff85743fb3a0" CLIENT-IP="172.215.217.194:5140" X-SITE-DEPLOYMENT-ID="HashingWorkshopLogica" WAS-DEFAULT-HOSTNAME="hashingworkshoplogica-gjc2bhe2e8fpa3g3.scm.brazilsouth-01.azurewebsites.net" X-Forwarded-Proto="https" X-AppService-Proto="https" X-Forwarded-TlsVersion="1.3" X-WAWS-Unencoded-URL="/api/deployments/latest?deployer=OneDeploy&amp;time=2025-11-23_22-46-17Z" X-Client-IP="172.215.217.194" X-Client-Port="5140" >
  <step title="Cleanup Xml Logs" date="2025-11-23T22:46:47.899" >
    <step title="Cleanup Infos" date="2025-11-23T22:46:47.951" totalFiles="343" totalCleanup="183" /><!-- duration: 30ms -->
  </step><!-- duration: 91ms -->
  <step title="DeploymentService.GetResult" date="2025-11-23T22:46:48.019" >
    <step title="DeploymentService.GetLatestDeployment" date="2025-11-23T22:46:48.029" >
      <step title="DeploymentManager.GetResults" date="2025-11-23T22:46:48.040" /><!-- duration: 1006ms -->
    </step><!-- duration: 1045ms -->
  </step><!-- duration: 1086ms -->
  <step title="Outgoing response" date="2025-11-23T22:46:49.116" type="response" statusCode="202" statusText="Accepted" /><!-- duration: 18ms -->
</step><!-- duration: 1257ms -->
