<step title="BackgroundTrace" date="2025-11-23T22:09:02.701" instance="4674be" url="/api/publish" method="POST" >
  <step title="Creating temporary deployment - FetchDeploymentManager" date="2025-11-23T22:09:02.805" /><!-- duration: 3ms -->
  <step title="Creating temporary deployment" date="2025-11-23T22:09:02.813" /><!-- duration: 159ms -->
  <step title="Performing fetch based deployment" date="2025-11-23T22:09:03.024" >
    <step title="Cleaning up temp folders from previous zip deployments and extracting pushed zip file /tmp/zipdeploy/7f21f5ba-26ff-475c-b1ce-b974b513aeef.zip (0.13 MB) to /tmp/zipdeploy/extracted" date="2025-11-23T22:09:04.333" >
      <step title="ChmodRecursive Process exited with total time taken in ms: 60" date="2025-11-23T22:09:04.555" /><!-- duration: 11ms -->
    </step><!-- duration: 248ms -->
    <step title="Deployment timer started" date="2025-11-23T22:09:06.606" >
      <step title="DeploymentManager.Deploy(id:cc1b4b74-fbaf-458e-8b42-3467675a4a75)" date="2025-11-23T22:09:06.620" >
        <step title="Collecting changeset information" date="2025-11-23T22:09:06.636" /><!-- duration: 134ms -->
        <step title="Updating submodules" date="2025-11-23T22:09:06.777" /><!-- duration: 1178ms -->
        <step title="Determining deployment builder" date="2025-11-23T22:09:08.221" >
          <step title="Builder is OryxBuilder" date="2025-11-23T22:09:08.260" /><!-- duration: 4ms -->
        </step><!-- duration: 57ms -->
        <step title="PreDeployment: context.CleanOutputPath False" date="2025-11-23T22:09:08.416" >
          <step title="PreDeployment: context.OutputPath /home/site/wwwroot" date="2025-11-23T22:09:08.553" >
            <step title="Building" date="2025-11-23T22:09:08.725" >
              <step title="Executing external process" date="2025-11-23T22:09:09.156" type="process" path="bash" arguments="-c &quot;oryx build /tmp/zipdeploy/extracted -o /home/site/wwwroot --platform python --platform-version 3.14 -p virtualenv_name=antenv --log-file /tmp/build-debug.log  -i /tmp/8de2adcec8c9517 --compress-destination-dir | tee /tmp/oryx-build.log ; exit $PIPESTATUS &quot;" /><!-- duration: 128434ms -->
              <step title="Using PythonDeploymentLogParser" date="2025-11-23T22:11:18.141" /><!-- duration: 21ms -->
              <step title="Modified file to trigger a restart of the app container." date="2025-11-23T22:11:19.259" /><!-- duration: 7ms -->
              <step title="Skip function trigger and logicapp sync because function is not enabled." date="2025-11-23T22:11:19.281" /><!-- duration: 19ms -->
              <step title="Purge deployment items" date="2025-11-23T22:11:20.515" >
                <step title="Remove 19d89f84-, Success, received at 11/23/2025 15:19:49" date="2025-11-23T22:11:20.585" /><!-- duration: 3ms -->
              </step><!-- duration: 77ms -->
            </step><!-- duration: 131959ms -->
          </step><!-- duration: 132137ms -->
          <step title="Cleaning up temp files" date="2025-11-23T22:11:20.694" /><!-- duration: 3391ms -->
          <step title="Cleaning up temp files" date="2025-11-23T22:11:24.096" /><!-- duration: 514ms -->
          <step title="Reloading status file with latest updates" date="2025-11-23T22:11:24.641" >
            <step title="WebHooksManager.PublishEventAsync: PostDeployment" date="2025-11-23T22:11:24.648" /><!-- duration: 123ms -->
          </step><!-- duration: 134ms -->
          <step title="Cleaning up temporary deployment - fetch deployment was successful" date="2025-11-23T22:11:24.782" /><!-- duration: 4ms -->
        </step><!-- duration: 136442ms -->
      </step><!-- duration: 138262ms -->
