<step title="Incoming Request" date="2025-11-23T15:01:10.706" instance="4674be" url="/api/publish?async=true&amp;deployer=GITHUB_ONE_DEPLOY&amp;type=zip&amp;message=%7B%22type%22%3A%22deployment%22%2C%22sha%22%3A%22a73ebbb75b88d49b2d978359ff85a27520b9c725%22%2C%22repoName%22%3A%22AlejandroBotero%2FWorkshops-LyR%22%2C%22actor%22%3A%22AlejandroBotero%22%2C%22slotName%22%3A%22Production%22%2C%22commitMessage%22%3A%22Merge%20branch%20%27main%27%20of%20https%3A%2F%2Fgithub.com%2FAlejandroBotero%2FWorkshops-LyR%5Cntrying%20to%20deploy%22%7D" method="POST" type="request" pid="851,1,40" Host="hashingworkshoplogica-gjc2bhe2e8fpa3g3.scm.brazilsouth-01.azurewebsites.net" User-Agent="GITHUBACTIONS_DeployWebAppToAzure_5e95d6022cf6a5888ffee81f589163d620e6495c5eb196937077d69850f0d7ef" Authorization="Bea..." Content-Type="application/octet-stream" Cookie="ARRAffinity=4674be82b396abaf83d02ae5cb9797e3302ed577226c6d832720658f6837fffe;Path=/;HttpOnly;Secure;Domain=hashingworkshoplogica-gjc2bhe2e8fpa3g3.scm.brazilsouth-01.azurewebsites.net; ARRAffinitySameSite=4674be82b396abaf83d02ae5cb9797e3302ed577226c6d832720658f6837fffe;Path=/;HttpOnly;SameSite=None;Secure;Domain=hashingworkshoplogica-gjc2bhe2e8fpa3g3.scm.brazilsouth-01.azurewebsites.net" Transfer-Encoding="chunked" X-ARR-LOG-ID="c8bca8b0-03cc-4886-bba7-6a01dc186d9e" CLIENT-IP="20.161.28.179:22552" X-SITE-DEPLOYMENT-ID="HashingWorkshopLogica" WAS-DEFAULT-HOSTNAME="hashingworkshoplogica-gjc2bhe2e8fpa3g3.scm.brazilsouth-01.azurewebsites.net" X-Forwarded-Proto="https" X-AppService-Proto="https" X-Forwarded-TlsVersion="1.3" X-WAWS-Unencoded-URL="/api/publish?async=true&amp;deployer=GITHUB_ONE_DEPLOY&amp;type=zip&amp;message=%7B%22type%22%3A%22deployment%22%2C%22sha%22%3A%22a73ebbb75b88d49b2d978359ff85a27520b9c725%22%2C%22repoName%22%3A%22AlejandroBotero%2FWorkshops-LyR%22%2C%22actor%22%3A%22AlejandroBotero%22%2C%22slotName%22%3A%22Production%22%2C%22commitMessage%22%3A%22Merge%20branch%20%27main%27%20of%20https%3A%2F%2Fgithub.com%2FAlejandroBotero%2FWorkshops-LyR%5Cntrying%20to%20deploy%22%7D" X-Client-IP="20.161.28.179" X-Client-Port="22552" >
  <step title="OneDeploy" date="2025-11-23T15:01:10.741" >
    <step title="Starting PushDeployAsync" date="2025-11-23T15:01:10.749" /><!-- duration: 3ms -->
    <step title="Writing artifact to /tmp/zipdeploy/c480a086-98b0-4edd-9c0f-c0c1c3c5b16e.zip" date="2025-11-23T15:01:11.036" >
      <step title="Writing multipart request body to /tmp/zipdeploy/c480a086-98b0-4edd-9c0f-c0c1c3c5b16e.zip" date="2025-11-23T15:01:11.074" /><!-- duration: 15ms -->
    </step><!-- duration: 104ms -->
    <step title="Removing previous build artifact&apos;s manifest file" date="2025-11-23T15:01:11.171" >
      <step title="Start deployment in the background" date="2025-11-23T15:01:11.201" >
        <step title="Acquiring Deployment Lock" date="2025-11-23T15:01:11.231" /><!-- duration: 9ms -->
        <step title="Acquired Deployment Lock" date="2025-11-23T15:01:11.262" /><!-- duration: 3ms -->
      </step><!-- duration: 160ms -->
    </step><!-- duration: 196ms -->
    <step title="Outgoing response" date="2025-11-23T15:01:11.370" type="response" statusCode="202" statusText="Accepted" /><!-- duration: 3ms -->
  </step><!-- duration: 634ms -->
