<step title="Incoming Request" date="2025-11-23T22:47:44.545" instance="4674be" url="/api/deployments/latest?deployer=OneDeploy&amp;time=2025-11-23_22-46-17Z" method="GET" type="request" pid="855,1,25" Host="hashingworkshoplogica-gjc2bhe2e8fpa3g3.scm.brazilsouth-01.azurewebsites.net" User-Agent="GITHUBACTIONS_DeployWebAppToAzure_5e95d6022cf6a5888ffee81f589163d620e6495c5eb196937077d69850f0d7ef" Authorization="Bea..." Content-Type="application/json; charset=utf-8" Cookie="ARRAffinity=4674be82b396abaf83d02ae5cb9797e3302ed577226c6d832720658f6837fffe;Path=/;HttpOnly;Secure;Domain=hashingworkshoplogica-gjc2bhe2e8fpa3g3.scm.brazilsouth-01.azurewebsites.net; ARRAffinitySameSite=4674be82b396abaf83d02ae5cb9797e3302ed577226c6d832720658f6837fffe;Path=/;HttpOnly;SameSite=None;Secure;Domain=hashingworkshoplogica-gjc2bhe2e8fpa3g3.scm.brazilsouth-01.azurewebsites.net" Content-Length="0" X-ARR-LOG-ID="5f009ae4-3bcf-4079-9ffd-7fb5a8c17c57" CLIENT-IP="172.215.217.194:5145" X-SITE-DEPLOYMENT-ID="HashingWorkshopLogica" WAS-DEFAULT-HOSTNAME="hashingworkshoplogica-gjc2bhe2e8fpa3g3.scm.brazilsouth-01.azurewebsites.net" X-Forwarded-Proto="https" X-AppService-Proto="https" X-Forwarded-TlsVersion="1.3" X-WAWS-Unencoded-URL="/api/deployments/latest?deployer=OneDeploy&amp;time=2025-11-23_22-46-17Z" X-Client-IP="172.215.217.194" X-Client-Port="5145" >
  <step title="Cleanup Xml Logs" date="2025-11-23T22:47:44.644" >
    <step title="Cleanup Infos" date="2025-11-23T22:47:44.817" totalFiles="350" totalCleanup="190" /><!-- duration: 98ms -->
  </step><!-- duration: 283ms -->
  <step title="DeploymentService.GetResult" date="2025-11-23T22:47:44.986" >
    <step title="DeploymentService.GetLatestDeployment" date="2025-11-23T22:47:45.028" >
      <step title="DeploymentManager.GetResults" date="2025-11-23T22:47:45.039" /><!-- duration: 1185ms -->
    </step><!-- duration: 1205ms -->
  </step><!-- duration: 1257ms -->
  <step title="Outgoing response" date="2025-11-23T22:47:46.262" type="response" statusCode="202" statusText="Accepted" /><!-- duration: 11ms -->
</step><!-- duration: 1738ms -->
