<step title="BackgroundTrace" date="2025-11-23T22:46:17.047" instance="4674be" url="/api/publish" method="POST" >
  <step title="Creating temporary deployment - FetchDeploymentManager" date="2025-11-23T22:46:17.137" /><!-- duration: 3ms -->
  <step title="Creating temporary deployment" date="2025-11-23T22:46:17.145" /><!-- duration: 124ms -->
  <step title="Performing fetch based deployment" date="2025-11-23T22:46:17.383" >
    <step title="Cleaning up temp folders from previous zip deployments and extracting pushed zip file /tmp/zipdeploy/6b5091de-5c69-4145-95f8-fcf62db45467.zip (0.13 MB) to /tmp/zipdeploy/extracted" date="2025-11-23T22:46:18.596" >
      <step title="ChmodRecursive Process exited with total time taken in ms: 60" date="2025-11-23T22:46:18.789" /><!-- duration: 13ms -->
    </step><!-- duration: 214ms -->
    <step title="Deployment timer started" date="2025-11-23T22:46:20.886" >
      <step title="DeploymentManager.Deploy(id:37924fbd-d114-4d1a-8a67-7079a17cbc32)" date="2025-11-23T22:46:21.076" >
        <step title="Collecting changeset information" date="2025-11-23T22:46:21.089" /><!-- duration: 88ms -->
        <step title="Updating submodules" date="2025-11-23T22:46:21.185" /><!-- duration: 1183ms -->
        <step title="Determining deployment builder" date="2025-11-23T22:46:22.649" >
          <step title="Builder is OryxBuilder" date="2025-11-23T22:46:22.682" /><!-- duration: 10ms -->
        </step><!-- duration: 49ms -->
        <step title="PreDeployment: context.CleanOutputPath False" date="2025-11-23T22:46:22.766" >
          <step title="PreDeployment: context.OutputPath /home/site/wwwroot" date="2025-11-23T22:46:22.892" >
            <step title="Building" date="2025-11-23T22:46:23.053" >
              <step title="Executing external process" date="2025-11-23T22:46:23.483" type="process" path="bash" arguments="-c &quot;oryx build /tmp/zipdeploy/extracted -o /home/site/wwwroot --platform python --platform-version 3.14 -p virtualenv_name=antenv --log-file /tmp/build-debug.log  -i /tmp/8de2ae2205cbf80 --compress-destination-dir | tee /tmp/oryx-build.log ; exit $PIPESTATUS &quot;" /><!-- duration: 106874ms -->
              <step title="Using PythonDeploymentLogParser" date="2025-11-23T22:48:10.768" /><!-- duration: 10ms -->
              <step title="Modified file to trigger a restart of the app container." date="2025-11-23T22:48:11.916" /><!-- duration: 5ms -->
              <step title="Skip function trigger and logicapp sync because function is not enabled." date="2025-11-23T22:48:11.926" /><!-- duration: 18ms -->
              <step title="Purge deployment items" date="2025-11-23T22:48:13.286" >
                <step title="Remove a6e447fe-, Success, received at 11/23/2025 16:09:59" date="2025-11-23T22:48:13.365" /><!-- duration: 4ms -->
              </step><!-- duration: 87ms -->
            </step><!-- duration: 110410ms -->
          </step><!-- duration: 110576ms -->
          <step title="Cleaning up temp files" date="2025-11-23T22:48:13.472" /><!-- duration: 4873ms -->
          <step title="Cleaning up temp files" date="2025-11-23T22:48:18.363" /><!-- duration: 533ms -->
          <step title="Reloading status file with latest updates" date="2025-11-23T22:48:18.970" >
            <step title="WebHooksManager.PublishEventAsync: PostDeployment" date="2025-11-23T22:48:19.010" /><!-- duration: 169ms -->
          </step><!-- duration: 219ms -->
          <step title="Cleaning up temporary deployment - fetch deployment was successful" date="2025-11-23T22:48:19.219" /><!-- duration: 12ms -->
        </step><!-- duration: 116545ms -->
      </step><!-- duration: 118303ms -->
