<step title="BackgroundTrace" date="2025-11-23T16:41:27.745" instance="4674be" url="/api/publish" method="POST" >
  <step title="Creating temporary deployment - FetchDeploymentManager" date="2025-11-23T16:41:27.841" /><!-- duration: 7ms -->
  <step title="Creating temporary deployment" date="2025-11-23T16:41:27.856" /><!-- duration: 103ms -->
  <step title="Performing fetch based deployment" date="2025-11-23T16:41:27.991" >
    <step title="Cleaning up temp folders from previous zip deployments and extracting pushed zip file /tmp/zipdeploy/f64fdd67-77f7-4658-89b1-20c7949892c5.zip (0.12 MB) to /tmp/zipdeploy/extracted" date="2025-11-23T16:41:29.167" >
      <step title="ChmodRecursive Process exited with total time taken in ms: 118" date="2025-11-23T16:41:29.416" /><!-- duration: 28ms -->
    </step><!-- duration: 289ms -->
    <step title="Deployment timer started" date="2025-11-23T16:41:31.477" >
      <step title="DeploymentManager.Deploy(id:a5163996-133c-4726-86b9-9b90d3b8f905)" date="2025-11-23T16:41:31.483" >
        <step title="Collecting changeset information" date="2025-11-23T16:41:31.504" /><!-- duration: 139ms -->
        <step title="Updating submodules" date="2025-11-23T16:41:31.649" /><!-- duration: 1148ms -->
        <step title="Determining deployment builder" date="2025-11-23T16:41:33.013" >
          <step title="Builder is OryxBuilder" date="2025-11-23T16:41:33.040" /><!-- duration: 20ms -->
        </step><!-- duration: 57ms -->
        <step title="PreDeployment: context.CleanOutputPath False" date="2025-11-23T16:41:33.174" >
          <step title="PreDeployment: context.OutputPath /home/site/wwwroot" date="2025-11-23T16:41:33.286" >
            <step title="Building" date="2025-11-23T16:41:33.438" >
              <step title="Executing external process" date="2025-11-23T16:41:33.758" type="process" path="bash" arguments="-c &quot;oryx build /tmp/zipdeploy/extracted -o /home/site/wwwroot --platform python --platform-version 3.14 -p virtualenv_name=antenv --log-file /tmp/build-debug.log  -i /tmp/8de2aaf2924c7a2 --compress-destination-dir | tee /tmp/oryx-build.log ; exit $PIPESTATUS &quot;" /><!-- duration: 115579ms -->
              <step title="Using PythonDeploymentLogParser" date="2025-11-23T16:43:29.708" /><!-- duration: 19ms -->
              <step title="Modified file to trigger a restart of the app container." date="2025-11-23T16:43:31.020" /><!-- duration: 4ms -->
              <step title="Skip function trigger and logicapp sync because function is not enabled." date="2025-11-23T16:43:31.031" /><!-- duration: 21ms -->
            </step><!-- duration: 119074ms -->
          </step><!-- duration: 119232ms -->
          <step title="Cleaning up temp files" date="2025-11-23T16:43:32.520" /><!-- duration: 5681ms -->
          <step title="Cleaning up temp files" date="2025-11-23T16:43:38.212" /><!-- duration: 540ms -->
          <step title="Reloading status file with latest updates" date="2025-11-23T16:43:38.791" >
            <step title="WebHooksManager.PublishEventAsync: PostDeployment" date="2025-11-23T16:43:38.800" /><!-- duration: 98ms -->
          </step><!-- duration: 117ms -->
          <step title="Cleaning up temporary deployment - fetch deployment was successful" date="2025-11-23T16:43:38.921" /><!-- duration: 17ms -->
        </step><!-- duration: 125906ms -->
      </step><!-- duration: 127655ms -->
