﻿<?xml version="1.0" encoding="utf-8"?>
<deployment>
  <id>df8f9da1-d97e-4fde-bbba-a81dd30f4ca0</id>
  <author>N/A</author>
  <deployer>OneDeploy</deployer>
  <authorEmail>N/A</authorEmail>
  <message>OneDeploy</message>
  <progress></progress>
  <status>Success</status>
  <statusText></statusText>
  <lastSuccessEndTime>2025-11-23T17:29:04.6638685Z</lastSuccessEndTime>
  <receivedTime>2025-11-23T17:27:16.683469Z</receivedTime>
  <startTime>2025-11-23T17:27:18.5639101Z</startTime>
  <endTime>2025-11-23T17:29:04.6638685Z</endTime>
  <complete>True</complete>
  <is_temp>False</is_temp>
  <is_readonly>True</is_readonly>
  <buildSummary />
</deployment>