<step title="Incoming Request" date="2025-11-23T22:09:38.795" instance="4674be" url="/api/deployments/latest?deployer=OneDeploy&amp;time=2025-11-23_22-09-02Z" method="GET" type="request" pid="855,1,5" Host="hashingworkshoplogica-gjc2bhe2e8fpa3g3.scm.brazilsouth-01.azurewebsites.net" User-Agent="GITHUBACTIONS_DeployWebAppToAzure_5e95d6022cf6a5888ffee81f589163d620e6495c5eb196937077d69850f0d7ef" Authorization="Bea..." Content-Type="application/json; charset=utf-8" Cookie="ARRAffinity=4674be82b396abaf83d02ae5cb9797e3302ed577226c6d832720658f6837fffe;Path=/;HttpOnly;Secure;Domain=hashingworkshoplogica-gjc2bhe2e8fpa3g3.scm.brazilsouth-01.azurewebsites.net; ARRAffinitySameSite=4674be82b396abaf83d02ae5cb9797e3302ed577226c6d832720658f6837fffe;Path=/;HttpOnly;SameSite=None;Secure;Domain=hashingworkshoplogica-gjc2bhe2e8fpa3g3.scm.brazilsouth-01.azurewebsites.net" Content-Length="0" X-ARR-LOG-ID="0584a037-597f-4b33-b7a3-a4aed5c3c9e3" CLIENT-IP="135.237.130.177:34825" X-SITE-DEPLOYMENT-ID="HashingWorkshopLogica" WAS-DEFAULT-HOSTNAME="hashingworkshoplogica-gjc2bhe2e8fpa3g3.scm.brazilsouth-01.azurewebsites.net" X-Forwarded-Proto="https" X-AppService-Proto="https" X-Forwarded-TlsVersion="1.3" X-WAWS-Unencoded-URL="/api/deployments/latest?deployer=OneDeploy&amp;time=2025-11-23_22-09-02Z" X-Client-IP="135.237.130.177" X-Client-Port="34825" >
  <step title="Cleanup Xml Logs" date="2025-11-23T22:09:38.825" >
    <step title="Cleanup Infos" date="2025-11-23T22:09:38.865" totalFiles="297" totalCleanup="137" /><!-- duration: 39ms -->
  </step><!-- duration: 119ms -->
  <step title="DeploymentService.GetResult" date="2025-11-23T22:09:39.003" >
    <step title="DeploymentService.GetLatestDeployment" date="2025-11-23T22:09:39.024" >
      <step title="DeploymentManager.GetResults" date="2025-11-23T22:09:39.036" /><!-- duration: 1855ms -->
    </step><!-- duration: 1898ms -->
  </step><!-- duration: 1949ms -->
  <step title="Outgoing response" date="2025-11-23T22:09:40.973" type="response" statusCode="202" statusText="Accepted" /><!-- duration: 29ms -->
</step><!-- duration: 2227ms -->
