<step title="Incoming Request" date="2025-11-23T17:28:50.973" instance="4674be" url="/api/deployments/latest?deployer=OneDeploy&amp;time=2025-11-23_17-27-12Z" method="GET" type="request" pid="851,1,33" Host="hashingworkshoplogica-gjc2bhe2e8fpa3g3.scm.brazilsouth-01.azurewebsites.net" User-Agent="GITHUBACTIONS_DeployWebAppToAzure_5e95d6022cf6a5888ffee81f589163d620e6495c5eb196937077d69850f0d7ef" Authorization="Bea..." Content-Type="application/json; charset=utf-8" Cookie="ARRAffinity=4674be82b396abaf83d02ae5cb9797e3302ed577226c6d832720658f6837fffe;Path=/;HttpOnly;Secure;Domain=hashingworkshoplogica-gjc2bhe2e8fpa3g3.scm.brazilsouth-01.azurewebsites.net; ARRAffinitySameSite=4674be82b396abaf83d02ae5cb9797e3302ed577226c6d832720658f6837fffe;Path=/;HttpOnly;SameSite=None;Secure;Domain=hashingworkshoplogica-gjc2bhe2e8fpa3g3.scm.brazilsouth-01.azurewebsites.net" Content-Length="0" X-ARR-LOG-ID="3337c5ab-10b6-460e-9985-66b5630552df" CLIENT-IP="68.220.63.0:13312" X-SITE-DEPLOYMENT-ID="HashingWorkshopLogica" WAS-DEFAULT-HOSTNAME="hashingworkshoplogica-gjc2bhe2e8fpa3g3.scm.brazilsouth-01.azurewebsites.net" X-Forwarded-Proto="https" X-AppService-Proto="https" X-Forwarded-TlsVersion="1.3" X-WAWS-Unencoded-URL="/api/deployments/latest?deployer=OneDeploy&amp;time=2025-11-23_17-27-12Z" X-Client-IP="68.220.63.0" X-Client-Port="13312" >
  <step title="Cleanup Xml Logs" date="2025-11-23T17:28:51.002" >
    <step title="Cleanup Infos" date="2025-11-23T17:28:51.135" totalFiles="201" totalCleanup="41" /><!-- duration: 88ms -->
  </step><!-- duration: 243ms -->
  <step title="DeploymentService.GetResult" date="2025-11-23T17:28:51.333" >
    <step title="DeploymentService.GetLatestDeployment" date="2025-11-23T17:28:51.353" >
      <step title="DeploymentManager.GetResults" date="2025-11-23T17:28:51.356" /><!-- duration: 1558ms -->
    </step><!-- duration: 1650ms -->
  </step><!-- duration: 1710ms -->
  <step title="Outgoing response" date="2025-11-23T17:28:53.133" type="response" statusCode="202" statusText="Accepted" /><!-- duration: 13ms -->
</step><!-- duration: 2211ms -->
