<step title="Incoming Request" date="2025-11-23T21:18:01.375" instance="4674be" url="/api/deployments/latest?deployer=OneDeploy&amp;time=2025-11-23_21-15-29Z" method="GET" type="request" pid="851,1,39" Host="hashingworkshoplogica-gjc2bhe2e8fpa3g3.scm.brazilsouth-01.azurewebsites.net" User-Agent="GITHUBACTIONS_DeployWebAppToAzure_5e95d6022cf6a5888ffee81f589163d620e6495c5eb196937077d69850f0d7ef" Authorization="Bea..." Content-Type="application/json; charset=utf-8" Cookie="ARRAffinity=4674be82b396abaf83d02ae5cb9797e3302ed577226c6d832720658f6837fffe;Path=/;HttpOnly;Secure;Domain=hashingworkshoplogica-gjc2bhe2e8fpa3g3.scm.brazilsouth-01.azurewebsites.net; ARRAffinitySameSite=4674be82b396abaf83d02ae5cb9797e3302ed577226c6d832720658f6837fffe;Path=/;HttpOnly;SameSite=None;Secure;Domain=hashingworkshoplogica-gjc2bhe2e8fpa3g3.scm.brazilsouth-01.azurewebsites.net" Content-Length="0" X-ARR-LOG-ID="0e887aed-22ef-4fe6-8774-b72a474ea57c" CLIENT-IP="172.208.152.214:27648" X-SITE-DEPLOYMENT-ID="HashingWorkshopLogica" WAS-DEFAULT-HOSTNAME="hashingworkshoplogica-gjc2bhe2e8fpa3g3.scm.brazilsouth-01.azurewebsites.net" X-Forwarded-Proto="https" X-AppService-Proto="https" X-Forwarded-TlsVersion="1.3" X-WAWS-Unencoded-URL="/api/deployments/latest?deployer=OneDeploy&amp;time=2025-11-23_21-15-29Z" X-Client-IP="172.208.152.214" X-Client-Port="27648" >
  <step title="Cleanup Xml Logs" date="2025-11-23T21:18:01.385" >
    <step title="Cleanup Infos" date="2025-11-23T21:18:01.405" totalFiles="282" totalCleanup="122" /><!-- duration: 31ms -->
  </step><!-- duration: 62ms -->
  <step title="DeploymentService.GetResult" date="2025-11-23T21:18:01.477" >
    <step title="DeploymentService.GetLatestDeployment" date="2025-11-23T21:18:01.497" >
      <step title="DeploymentManager.GetResults" date="2025-11-23T21:18:01.557" /><!-- duration: 1626ms -->
    </step><!-- duration: 1758ms -->
  </step><!-- duration: 1797ms -->
  <step title="Outgoing response" date="2025-11-23T21:18:03.285" type="response" statusCode="202" statusText="Accepted" /><!-- duration: 19ms -->
</step><!-- duration: 1961ms -->
