<step title="BackgroundTrace" date="2025-11-23T21:13:30.375" instance="4674be" url="/api/publish" method="POST" >
  <step title="Creating temporary deployment - FetchDeploymentManager" date="2025-11-23T21:13:30.533" /><!-- duration: 3ms -->
  <step title="Creating temporary deployment" date="2025-11-23T21:13:30.540" /><!-- duration: 140ms -->
  <step title="Performing fetch based deployment" date="2025-11-23T21:13:30.746" >
    <step title="Cleaning up temp folders from previous zip deployments and extracting pushed zip file /tmp/zipdeploy/9b2c404a-6a3b-4fee-9ed8-247b5d31bf1a.zip (0.12 MB) to /tmp/zipdeploy/extracted" date="2025-11-23T21:13:32.062" >
      <step title="ChmodRecursive Process exited with total time taken in ms: 79" date="2025-11-23T21:13:32.299" /><!-- duration: 10ms -->
    </step><!-- duration: 264ms -->
    <step title="Deployment timer started" date="2025-11-23T21:13:34.360" >
      <step title="DeploymentManager.Deploy(id:58b10a4d-ae84-451c-9642-356e44330e47)" date="2025-11-23T21:13:34.369" >
        <step title="Collecting changeset information" date="2025-11-23T21:13:34.409" /><!-- duration: 125ms -->
        <step title="Updating submodules" date="2025-11-23T21:13:34.540" /><!-- duration: 1129ms -->
        <step title="Determining deployment builder" date="2025-11-23T21:13:36.013" >
          <step title="Builder is OryxBuilder" date="2025-11-23T21:13:36.040" /><!-- duration: 20ms -->
        </step><!-- duration: 76ms -->
        <step title="PreDeployment: context.CleanOutputPath False" date="2025-11-23T21:13:36.175" >
          <step title="PreDeployment: context.OutputPath /home/site/wwwroot" date="2025-11-23T21:13:36.313" >
            <step title="Building" date="2025-11-23T21:13:36.491" >
              <step title="Executing external process" date="2025-11-23T21:13:36.885" type="process" path="bash" arguments="-c &quot;oryx build /tmp/zipdeploy/extracted -o /home/site/wwwroot --platform python --platform-version 3.14 -p virtualenv_name=antenv --log-file /tmp/build-debug.log  -i /tmp/8de2ad52a6625e1 --compress-destination-dir | tee /tmp/oryx-build.log ; exit $PIPESTATUS &quot;" /><!-- duration: 95513ms -->
              <step title="Using PythonDeploymentLogParser" date="2025-11-23T21:15:12.792" /><!-- duration: 4ms -->
              <step title="Modified file to trigger a restart of the app container." date="2025-11-23T21:15:14.271" /><!-- duration: 4ms -->
              <step title="Skip function trigger and logicapp sync because function is not enabled." date="2025-11-23T21:15:14.279" /><!-- duration: 7ms -->
              <step title="Purge deployment items" date="2025-11-23T21:15:15.577" >
                <step title="Remove 57094d8e-, Success, received at 11/23/2025 14:36:45" date="2025-11-23T21:15:15.637" /><!-- duration: 3ms -->
              </step><!-- duration: 66ms -->
            </step><!-- duration: 99259ms -->
          </step><!-- duration: 99441ms -->
          <step title="Cleaning up temp files" date="2025-11-23T21:15:15.757" /><!-- duration: 7833ms -->
          <step title="Cleaning up temp files" date="2025-11-23T21:15:23.595" /><!-- duration: 527ms -->
          <step title="Reloading status file with latest updates" date="2025-11-23T21:15:24.197" >
            <step title="WebHooksManager.PublishEventAsync: PostDeployment" date="2025-11-23T21:15:24.234" /><!-- duration: 200ms -->
          </step><!-- duration: 244ms -->
          <step title="Cleaning up temporary deployment - fetch deployment was successful" date="2025-11-23T21:15:24.447" /><!-- duration: 8ms -->
        </step><!-- duration: 108429ms -->
      </step><!-- duration: 110287ms -->
