<step title="Incoming Request" date="2025-11-23T22:47:02.308" instance="4674be" url="/api/deployments/latest?deployer=OneDeploy&amp;time=2025-11-23_22-46-17Z" method="GET" type="request" pid="855,1,3" Host="hashingworkshoplogica-gjc2bhe2e8fpa3g3.scm.brazilsouth-01.azurewebsites.net" User-Agent="GITHUBACTIONS_DeployWebAppToAzure_5e95d6022cf6a5888ffee81f589163d620e6495c5eb196937077d69850f0d7ef" Authorization="Bea..." Content-Type="application/json; charset=utf-8" Cookie="ARRAffinity=4674be82b396abaf83d02ae5cb9797e3302ed577226c6d832720658f6837fffe;Path=/;HttpOnly;Secure;Domain=hashingworkshoplogica-gjc2bhe2e8fpa3g3.scm.brazilsouth-01.azurewebsites.net; ARRAffinitySameSite=4674be82b396abaf83d02ae5cb9797e3302ed577226c6d832720658f6837fffe;Path=/;HttpOnly;SameSite=None;Secure;Domain=hashingworkshoplogica-gjc2bhe2e8fpa3g3.scm.brazilsouth-01.azurewebsites.net" Content-Length="0" X-ARR-LOG-ID="6fa49508-e831-4c6a-b490-3db41e9ff0d9" CLIENT-IP="172.215.217.194:5141" X-SITE-DEPLOYMENT-ID="HashingWorkshopLogica" WAS-DEFAULT-HOSTNAME="hashingworkshoplogica-gjc2bhe2e8fpa3g3.scm.brazilsouth-01.azurewebsites.net" X-Forwarded-Proto="https" X-AppService-Proto="https" X-Forwarded-TlsVersion="1.3" X-WAWS-Unencoded-URL="/api/deployments/latest?deployer=OneDeploy&amp;time=2025-11-23_22-46-17Z" X-Client-IP="172.215.217.194" X-Client-Port="5141" >
  <step title="Cleanup Xml Logs" date="2025-11-23T22:47:02.379" >
    <step title="Cleanup Infos" date="2025-11-23T22:47:02.497" totalFiles="345" totalCleanup="185" /><!-- duration: 63ms -->
  </step><!-- duration: 231ms -->
  <step title="DeploymentService.GetResult" date="2025-11-23T22:47:02.761" >
    <step title="DeploymentService.GetLatestDeployment" date="2025-11-23T22:47:02.802" >
      <step title="DeploymentManager.GetResults" date="2025-11-23T22:47:02.861" /><!-- duration: 1406ms -->
    </step><!-- duration: 1498ms -->
  </step><!-- duration: 1549ms -->
  <step title="Outgoing response" date="2025-11-23T22:47:04.370" type="response" statusCode="202" statusText="Accepted" /><!-- duration: 38ms -->
</step><!-- duration: 2122ms -->
