<step title="Incoming Request" date="2025-11-23T18:06:51.899" instance="4674be" url="/api/deployments/latest?deployer=OneDeploy&amp;time=2025-11-23_18-06-45Z" method="GET" type="request" pid="851,1,35" Host="hashingworkshoplogica-gjc2bhe2e8fpa3g3.scm.brazilsouth-01.azurewebsites.net" User-Agent="GITHUBACTIONS_DeployWebAppToAzure_5e95d6022cf6a5888ffee81f589163d620e6495c5eb196937077d69850f0d7ef" Authorization="Bea..." Content-Type="application/json; charset=utf-8" Cookie="ARRAffinity=4674be82b396abaf83d02ae5cb9797e3302ed577226c6d832720658f6837fffe;Path=/;HttpOnly;Secure;Domain=hashingworkshoplogica-gjc2bhe2e8fpa3g3.scm.brazilsouth-01.azurewebsites.net; ARRAffinitySameSite=4674be82b396abaf83d02ae5cb9797e3302ed577226c6d832720658f6837fffe;Path=/;HttpOnly;SameSite=None;Secure;Domain=hashingworkshoplogica-gjc2bhe2e8fpa3g3.scm.brazilsouth-01.azurewebsites.net" Content-Length="0" X-ARR-LOG-ID="95adb781-7341-40bd-a573-83ae8099d586" CLIENT-IP="64.236.133.192:50177" X-SITE-DEPLOYMENT-ID="HashingWorkshopLogica" WAS-DEFAULT-HOSTNAME="hashingworkshoplogica-gjc2bhe2e8fpa3g3.scm.brazilsouth-01.azurewebsites.net" X-Forwarded-Proto="https" X-AppService-Proto="https" X-Forwarded-TlsVersion="1.3" X-WAWS-Unencoded-URL="/api/deployments/latest?deployer=OneDeploy&amp;time=2025-11-23_18-06-45Z" X-Client-IP="64.236.133.192" X-Client-Port="50177" >
  <step title="Cleanup Xml Logs" date="2025-11-23T18:06:51.938" >
    <step title="Cleanup Infos" date="2025-11-23T18:06:52.009" totalFiles="226" totalCleanup="66" /><!-- duration: 39ms -->
  </step><!-- duration: 130ms -->
  <step title="DeploymentService.GetResult" date="2025-11-23T18:06:52.090" >
    <step title="DeploymentService.GetLatestDeployment" date="2025-11-23T18:06:52.101" >
      <step title="DeploymentManager.GetResults" date="2025-11-23T18:06:52.110" /><!-- duration: 973ms -->
    </step><!-- duration: 988ms -->
  </step><!-- duration: 1005ms -->
  <step title="Outgoing response" date="2025-11-23T18:06:53.114" type="response" statusCode="202" statusText="Accepted" /><!-- duration: 10ms -->
</step><!-- duration: 1228ms -->
