<step title="Incoming Request" date="2025-11-23T16:01:49.379" instance="4674be" url="/api/publish?async=true&amp;deployer=GITHUB_ONE_DEPLOY&amp;type=zip&amp;message=%7B%22type%22%3A%22deployment%22%2C%22sha%22%3A%229353bd54d5c398f8d9f112c3110def54c12a8256%22%2C%22repoName%22%3A%22AlejandroBotero%2FWorkshops-LyR%22%2C%22actor%22%3A%22AlejandroBotero%22%2C%22slotName%22%3A%22Production%22%2C%22commitMessage%22%3A%22fixed%20news%20sorce%20to%20front%22%7D" method="POST" type="request" pid="851,1,39" Host="hashingworkshoplogica-gjc2bhe2e8fpa3g3.scm.brazilsouth-01.azurewebsites.net" User-Agent="GITHUBACTIONS_DeployWebAppToAzure_5e95d6022cf6a5888ffee81f589163d620e6495c5eb196937077d69850f0d7ef" Authorization="Bea..." Content-Type="application/octet-stream" Cookie="ARRAffinity=4674be82b396abaf83d02ae5cb9797e3302ed577226c6d832720658f6837fffe;Path=/;HttpOnly;Secure;Domain=hashingworkshoplogica-gjc2bhe2e8fpa3g3.scm.brazilsouth-01.azurewebsites.net; ARRAffinitySameSite=4674be82b396abaf83d02ae5cb9797e3302ed577226c6d832720658f6837fffe;Path=/;HttpOnly;SameSite=None;Secure;Domain=hashingworkshoplogica-gjc2bhe2e8fpa3g3.scm.brazilsouth-01.azurewebsites.net" Transfer-Encoding="chunked" X-ARR-LOG-ID="df8f1729-da21-4ad7-97df-0e0aecc5177f" CLIENT-IP="135.232.177.113:34816" X-SITE-DEPLOYMENT-ID="HashingWorkshopLogica" WAS-DEFAULT-HOSTNAME="hashingworkshoplogica-gjc2bhe2e8fpa3g3.scm.brazilsouth-01.azurewebsites.net" X-Forwarded-Proto="https" X-AppService-Proto="https" X-Forwarded-TlsVersion="1.3" X-WAWS-Unencoded-URL="/api/publish?async=true&amp;deployer=GITHUB_ONE_DEPLOY&amp;type=zip&amp;message=%7B%22type%22%3A%22deployment%22%2C%22sha%22%3A%229353bd54d5c398f8d9f112c3110def54c12a8256%22%2C%22repoName%22%3A%22AlejandroBotero%2FWorkshops-LyR%22%2C%22actor%22%3A%22AlejandroBotero%22%2C%22slotName%22%3A%22Production%22%2C%22commitMessage%22%3A%22fixed%20news%20sorce%20to%20front%22%7D" X-Client-IP="135.232.177.113" X-Client-Port="34816" >
  <step title="OneDeploy" date="2025-11-23T16:01:49.395" >
    <step title="Starting PushDeployAsync" date="2025-11-23T16:01:49.403" /><!-- duration: 4ms -->
    <step title="Writing artifact to /tmp/zipdeploy/25a8ef16-b57e-448c-b639-6c6f80c6627c.zip" date="2025-11-23T16:01:49.416" >
      <step title="Writing multipart request body to /tmp/zipdeploy/25a8ef16-b57e-448c-b639-6c6f80c6627c.zip" date="2025-11-23T16:01:49.427" /><!-- duration: 9ms -->
    </step><!-- duration: 275ms -->
    <step title="Removing previous build artifact&apos;s manifest file" date="2025-11-23T16:01:49.700" >
      <step title="Start deployment in the background" date="2025-11-23T16:01:49.720" >
        <step title="Acquiring Deployment Lock" date="2025-11-23T16:01:49.751" /><!-- duration: 13ms -->
        <step title="Acquired Deployment Lock" date="2025-11-23T16:01:49.787" /><!-- duration: 3ms -->
      </step><!-- duration: 160ms -->
    </step><!-- duration: 185ms -->
    <step title="Outgoing response" date="2025-11-23T16:01:49.896" type="response" statusCode="202" statusText="Accepted" /><!-- duration: 9ms -->
  </step><!-- duration: 513ms -->
