<step title="BackgroundTrace" date="2025-11-23T16:01:49.728" instance="4674be" url="/api/publish" method="POST" >
  <step title="Creating temporary deployment - FetchDeploymentManager" date="2025-11-23T16:01:49.792" /><!-- duration: 2ms -->
  <step title="Creating temporary deployment" date="2025-11-23T16:01:49.799" /><!-- duration: 77ms -->
  <step title="Performing fetch based deployment" date="2025-11-23T16:01:49.914" >
    <step title="Cleaning up temp folders from previous zip deployments and extracting pushed zip file /tmp/zipdeploy/25a8ef16-b57e-448c-b639-6c6f80c6627c.zip (0.12 MB) to /tmp/zipdeploy/extracted" date="2025-11-23T16:01:51.686" >
      <step title="ChmodRecursive Process exited with total time taken in ms: 50" date="2025-11-23T16:01:51.862" /><!-- duration: 3ms -->
    </step><!-- duration: 182ms -->
    <step title="Deployment timer started" date="2025-11-23T16:01:53.897" >
      <step title="DeploymentManager.Deploy(id:6e36212e-20de-49e9-9e90-3f0165ce782d)" date="2025-11-23T16:01:53.902" >
        <step title="Collecting changeset information" date="2025-11-23T16:01:53.911" /><!-- duration: 136ms -->
        <step title="Updating submodules" date="2025-11-23T16:01:54.052" /><!-- duration: 1129ms -->
        <step title="Determining deployment builder" date="2025-11-23T16:01:55.416" >
          <step title="Builder is OryxBuilder" date="2025-11-23T16:01:55.435" /><!-- duration: 10ms -->
        </step><!-- duration: 40ms -->
        <step title="PreDeployment: context.CleanOutputPath False" date="2025-11-23T16:01:55.528" >
          <step title="PreDeployment: context.OutputPath /home/site/wwwroot" date="2025-11-23T16:01:55.643" >
            <step title="Building" date="2025-11-23T16:01:55.810" >
              <step title="Executing external process" date="2025-11-23T16:01:56.256" type="process" path="bash" arguments="-c &quot;oryx build /tmp/zipdeploy/extracted -o /home/site/wwwroot --platform python --platform-version 3.14 -p virtualenv_name=antenv --log-file /tmp/build-debug.log  -i /tmp/8de2aa99ff50f95 --compress-destination-dir | tee /tmp/oryx-build.log ; exit $PIPESTATUS &quot;" /><!-- duration: 111336ms -->
              <step title="Using PythonDeploymentLogParser" date="2025-11-23T16:03:47.896" /><!-- duration: 20ms -->
              <step title="Modified file to trigger a restart of the app container." date="2025-11-23T16:03:49.106" /><!-- duration: 2ms -->
              <step title="Skip function trigger and logicapp sync because function is not enabled." date="2025-11-23T16:03:49.112" /><!-- duration: 12ms -->
            </step><!-- duration: 114194ms -->
          </step><!-- duration: 114366ms -->
          <step title="Cleaning up temp files" date="2025-11-23T16:03:50.013" /><!-- duration: 5629ms -->
          <step title="Cleaning up temp files" date="2025-11-23T16:03:55.673" /><!-- duration: 507ms -->
          <step title="Reloading status file with latest updates" date="2025-11-23T16:03:56.200" >
            <step title="WebHooksManager.PublishEventAsync: PostDeployment" date="2025-11-23T16:03:56.210" /><!-- duration: 62ms -->
          </step><!-- duration: 79ms -->
          <step title="Cleaning up temporary deployment - fetch deployment was successful" date="2025-11-23T16:03:56.290" /><!-- duration: 9ms -->
        </step><!-- duration: 120839ms -->
      </step><!-- duration: 122477ms -->
