<step title="Incoming Request" date="2025-11-23T21:14:46.827" instance="4674be" url="/api/deployments/latest?deployer=OneDeploy&amp;time=2025-11-23_21-13-30Z" method="GET" type="request" pid="851,1,60" Host="hashingworkshoplogica-gjc2bhe2e8fpa3g3.scm.brazilsouth-01.azurewebsites.net" User-Agent="GITHUBACTIONS_DeployWebAppToAzure_5e95d6022cf6a5888ffee81f589163d620e6495c5eb196937077d69850f0d7ef" Authorization="Bea..." Content-Type="application/json; charset=utf-8" Cookie="ARRAffinity=4674be82b396abaf83d02ae5cb9797e3302ed577226c6d832720658f6837fffe;Path=/;HttpOnly;Secure;Domain=hashingworkshoplogica-gjc2bhe2e8fpa3g3.scm.brazilsouth-01.azurewebsites.net; ARRAffinitySameSite=4674be82b396abaf83d02ae5cb9797e3302ed577226c6d832720658f6837fffe;Path=/;HttpOnly;SameSite=None;Secure;Domain=hashingworkshoplogica-gjc2bhe2e8fpa3g3.scm.brazilsouth-01.azurewebsites.net" Content-Length="0" X-ARR-LOG-ID="32d6dcbe-2009-4ddb-967d-c947268d6370" CLIENT-IP="57.151.137.36:21536" X-SITE-DEPLOYMENT-ID="HashingWorkshopLogica" WAS-DEFAULT-HOSTNAME="hashingworkshoplogica-gjc2bhe2e8fpa3g3.scm.brazilsouth-01.azurewebsites.net" X-Forwarded-Proto="https" X-AppService-Proto="https" X-Forwarded-TlsVersion="1.3" X-WAWS-Unencoded-URL="/api/deployments/latest?deployer=OneDeploy&amp;time=2025-11-23_21-13-30Z" X-Client-IP="57.151.137.36" X-Client-Port="21536" >
  <step title="Cleanup Xml Logs" date="2025-11-23T21:14:46.838" >
    <step title="Cleanup Infos" date="2025-11-23T21:14:46.928" totalFiles="256" totalCleanup="96" /><!-- duration: 20ms -->
  </step><!-- duration: 120ms -->
  <step title="DeploymentService.GetResult" date="2025-11-23T21:14:46.998" >
    <step title="DeploymentService.GetLatestDeployment" date="2025-11-23T21:14:47.009" >
      <step title="DeploymentManager.GetResults" date="2025-11-23T21:14:47.018" /><!-- duration: 1198ms -->
    </step><!-- duration: 1289ms -->
  </step><!-- duration: 1347ms -->
  <step title="Outgoing response" date="2025-11-23T21:14:48.377" type="response" statusCode="202" statusText="Accepted" /><!-- duration: 49ms -->
</step><!-- duration: 1619ms -->
