<step title="Incoming Request" date="2025-11-23T22:47:37.056" instance="4674be" url="/api/deployments/latest?deployer=OneDeploy&amp;time=2025-11-23_22-46-17Z" method="GET" type="request" pid="855,1,25" Host="hashingworkshoplogica-gjc2bhe2e8fpa3g3.scm.brazilsouth-01.azurewebsites.net" User-Agent="GITHUBACTIONS_DeployWebAppToAzure_5e95d6022cf6a5888ffee81f589163d620e6495c5eb196937077d69850f0d7ef" Authorization="Bea..." Content-Type="application/json; charset=utf-8" Cookie="ARRAffinity=4674be82b396abaf83d02ae5cb9797e3302ed577226c6d832720658f6837fffe;Path=/;HttpOnly;Secure;Domain=hashingworkshoplogica-gjc2bhe2e8fpa3g3.scm.brazilsouth-01.azurewebsites.net; ARRAffinitySameSite=4674be82b396abaf83d02ae5cb9797e3302ed577226c6d832720658f6837fffe;Path=/;HttpOnly;SameSite=None;Secure;Domain=hashingworkshoplogica-gjc2bhe2e8fpa3g3.scm.brazilsouth-01.azurewebsites.net" Content-Length="0" X-ARR-LOG-ID="78d174b4-1c25-4d3b-8031-d7fc800ba9d0" CLIENT-IP="172.215.217.194:5144" X-SITE-DEPLOYMENT-ID="HashingWorkshopLogica" WAS-DEFAULT-HOSTNAME="hashingworkshoplogica-gjc2bhe2e8fpa3g3.scm.brazilsouth-01.azurewebsites.net" X-Forwarded-Proto="https" X-AppService-Proto="https" X-Forwarded-TlsVersion="1.3" X-WAWS-Unencoded-URL="/api/deployments/latest?deployer=OneDeploy&amp;time=2025-11-23_22-46-17Z" X-Client-IP="172.215.217.194" X-Client-Port="5144" >
  <step title="Cleanup Xml Logs" date="2025-11-23T22:47:37.096" >
    <step title="Cleanup Infos" date="2025-11-23T22:47:37.278" totalFiles="349" totalCleanup="189" /><!-- duration: 130ms -->
  </step><!-- duration: 355ms -->
  <step title="DeploymentService.GetResult" date="2025-11-23T22:47:37.551" >
    <step title="DeploymentService.GetLatestDeployment" date="2025-11-23T22:47:37.632" >
      <step title="DeploymentManager.GetResults" date="2025-11-23T22:47:37.651" /><!-- duration: 995ms -->
    </step><!-- duration: 1047ms -->
  </step><!-- duration: 1136ms -->
  <step title="Outgoing response" date="2025-11-23T22:47:38.692" type="response" statusCode="202" statusText="Accepted" /><!-- duration: 8ms -->
</step><!-- duration: 1650ms -->
