<step title="BackgroundTrace" date="2025-11-23T21:15:29.515" instance="4674be" url="/api/publish" method="POST" >
  <step title="Cleanup Xml Logs" date="2025-11-23T21:15:29.553" >
    <step title="Cleanup Infos" date="2025-11-23T21:15:29.576" totalFiles="263" totalCleanup="103" /><!-- duration: 27ms -->
  </step><!-- duration: 60ms -->
  <step title="Creating temporary deployment - FetchDeploymentManager" date="2025-11-23T21:15:29.746" /><!-- duration: 20ms -->
  <step title="Creating temporary deployment" date="2025-11-23T21:15:29.776" /><!-- duration: 128ms -->
  <step title="Performing fetch based deployment" date="2025-11-23T21:15:30.056" >
    <step title="Cleaning up temp folders from previous zip deployments and extracting pushed zip file /tmp/zipdeploy/f2431e50-6a5d-4356-9518-98be3e163d43.zip (0.12 MB) to /tmp/zipdeploy/extracted" date="2025-11-23T21:15:31.514" >
      <step title="ChmodRecursive Process exited with total time taken in ms: 100" date="2025-11-23T21:15:32.169" /><!-- duration: 78ms -->
    </step><!-- duration: 793ms -->
    <step title="Deployment timer started" date="2025-11-23T21:15:34.378" >
      <step title="DeploymentManager.Deploy(id:cbef739d-a6f7-4245-8cb3-554d37eff51b)" date="2025-11-23T21:15:34.398" >
        <step title="Collecting changeset information" date="2025-11-23T21:15:34.549" /><!-- duration: 253ms -->
        <step title="Updating submodules" date="2025-11-23T21:15:34.807" /><!-- duration: 1492ms -->
        <step title="Determining deployment builder" date="2025-11-23T21:15:36.804" >
          <step title="Builder is OryxBuilder" date="2025-11-23T21:15:36.894" /><!-- duration: 31ms -->
        </step><!-- duration: 141ms -->
        <step title="PreDeployment: context.CleanOutputPath False" date="2025-11-23T21:15:37.135" >
          <step title="PreDeployment: context.OutputPath /home/site/wwwroot" date="2025-11-23T21:15:37.548" >
            <step title="Building" date="2025-11-23T21:15:37.931" >
              <step title="Executing external process" date="2025-11-23T21:15:38.885" type="process" path="bash" arguments="-c &quot;oryx build /tmp/zipdeploy/extracted -o /home/site/wwwroot --platform python --platform-version 3.14 -p virtualenv_name=antenv --log-file /tmp/build-debug.log  -i /tmp/8de2ad57277d026 --compress-destination-dir | tee /tmp/oryx-build.log ; exit $PIPESTATUS &quot;" >
                <step title="Cpu: python(7950,23.810s)+ts(7951,0.120s)+build.sh(7949,0.000s)+build.sh(7948,0.000s)+build.sh(7845,0.020s)+oryx(7821,7.130s)+tee(7822,0.000s)+bash(7820,0.000s)=total(31.080s)" date="2025-11-23T21:17:46.651" /><!-- duration: 4ms -->
                <step title="bash: no io activity for 60s, prev-cpu=-1.000s, current-cpu=31.080s" date="2025-11-23T21:17:46.673" /><!-- duration: 50ms -->
              </step><!-- duration: 171272ms -->
              <step title="Using PythonDeploymentLogParser" date="2025-11-23T21:18:30.587" /><!-- duration: 15ms -->
              <step title="Modified file to trigger a restart of the app container." date="2025-11-23T21:18:32.717" /><!-- duration: 3ms -->
              <step title="Skip function trigger and logicapp sync because function is not enabled." date="2025-11-23T21:18:32.724" /><!-- duration: 18ms -->
              <step title="Purge deployment items" date="2025-11-23T21:18:33.952" >
                <step title="Remove 6eeebe6b-, Success, received at 11/23/2025 15:01:15" date="2025-11-23T21:18:34.036" /><!-- duration: 3ms -->
              </step><!-- duration: 90ms -->
            </step><!-- duration: 176198ms -->
          </step><!-- duration: 176584ms -->
          <step title="Cleaning up temp files" date="2025-11-23T21:18:34.135" /><!-- duration: 1924ms -->
          <step title="Cleaning up temp files" date="2025-11-23T21:18:36.089" /><!-- duration: 538ms -->
          <step title="Reloading status file with latest updates" date="2025-11-23T21:18:36.649" >
            <step title="WebHooksManager.PublishEventAsync: PostDeployment" date="2025-11-23T21:18:36.652" /><!-- duration: 55ms -->
          </step><!-- duration: 61ms -->
          <step title="Cleaning up temporary deployment - fetch deployment was successful" date="2025-11-23T21:18:36.716" /><!-- duration: 3ms -->
        </step><!-- duration: 179625ms -->
      </step><!-- duration: 182382ms -->
