<step title="Incoming Request" date="2025-11-23T22:29:33.149" instance="4674be" url="/api/deployments/latest?deployer=OneDeploy&amp;time=2025-11-23_22-29-18Z" method="GET" type="request" pid="855,1,32" Host="hashingworkshoplogica-gjc2bhe2e8fpa3g3.scm.brazilsouth-01.azurewebsites.net" User-Agent="GITHUBACTIONS_DeployWebAppToAzure_5e95d6022cf6a5888ffee81f589163d620e6495c5eb196937077d69850f0d7ef" Authorization="Bea..." Content-Type="application/json; charset=utf-8" Cookie="ARRAffinity=4674be82b396abaf83d02ae5cb9797e3302ed577226c6d832720658f6837fffe;Path=/;HttpOnly;Secure;Domain=hashingworkshoplogica-gjc2bhe2e8fpa3g3.scm.brazilsouth-01.azurewebsites.net; ARRAffinitySameSite=4674be82b396abaf83d02ae5cb9797e3302ed577226c6d832720658f6837fffe;Path=/;HttpOnly;SameSite=None;Secure;Domain=hashingworkshoplogica-gjc2bhe2e8fpa3g3.scm.brazilsouth-01.azurewebsites.net" Content-Length="0" X-ARR-LOG-ID="01b1b4b4-464a-457d-99be-c95fbda87e90" CLIENT-IP="172.182.195.128:48128" X-SITE-DEPLOYMENT-ID="HashingWorkshopLogica" WAS-DEFAULT-HOSTNAME="hashingworkshoplogica-gjc2bhe2e8fpa3g3.scm.brazilsouth-01.azurewebsites.net" X-Forwarded-Proto="https" X-AppService-Proto="https" X-Forwarded-TlsVersion="1.3" X-WAWS-Unencoded-URL="/api/deployments/latest?deployer=OneDeploy&amp;time=2025-11-23_22-29-18Z" X-Client-IP="172.182.195.128" X-Client-Port="48128" >
  <step title="Cleanup Xml Logs" date="2025-11-23T22:29:33.181" >
    <step title="Cleanup Infos" date="2025-11-23T22:29:33.259" totalFiles="317" totalCleanup="157" /><!-- duration: 101ms -->
  </step><!-- duration: 202ms -->
  <step title="DeploymentService.GetResult" date="2025-11-23T22:29:33.471" >
    <step title="DeploymentService.GetLatestDeployment" date="2025-11-23T22:29:33.493" >
      <step title="DeploymentManager.GetResults" date="2025-11-23T22:29:33.541" /><!-- duration: 1437ms -->
    </step><!-- duration: 1507ms -->
  </step><!-- duration: 1549ms -->
  <step title="Outgoing response" date="2025-11-23T22:29:35.038" type="response" statusCode="202" statusText="Accepted" /><!-- duration: 10ms -->
</step><!-- duration: 1911ms -->
