<step title="Incoming Request" date="2025-11-23T18:01:34.520" instance="4674be" url="/api/deployments/latest?deployer=OneDeploy&amp;time=2025-11-23_18-00-29Z" method="GET" type="request" pid="851,1,34" Host="hashingworkshoplogica-gjc2bhe2e8fpa3g3.scm.brazilsouth-01.azurewebsites.net" User-Agent="GITHUBACTIONS_DeployWebAppToAzure_5e95d6022cf6a5888ffee81f589163d620e6495c5eb196937077d69850f0d7ef" Authorization="Bea..." Content-Type="application/json; charset=utf-8" Cookie="ARRAffinity=4674be82b396abaf83d02ae5cb9797e3302ed577226c6d832720658f6837fffe;Path=/;HttpOnly;Secure;Domain=hashingworkshoplogica-gjc2bhe2e8fpa3g3.scm.brazilsouth-01.azurewebsites.net; ARRAffinitySameSite=4674be82b396abaf83d02ae5cb9797e3302ed577226c6d832720658f6837fffe;Path=/;HttpOnly;SameSite=None;Secure;Domain=hashingworkshoplogica-gjc2bhe2e8fpa3g3.scm.brazilsouth-01.azurewebsites.net" Content-Length="0" X-ARR-LOG-ID="d1b8ec80-f2ae-4a83-ad22-a580fe9fdb68" CLIENT-IP="52.225.25.99:10265" X-SITE-DEPLOYMENT-ID="HashingWorkshopLogica" WAS-DEFAULT-HOSTNAME="hashingworkshoplogica-gjc2bhe2e8fpa3g3.scm.brazilsouth-01.azurewebsites.net" X-Forwarded-Proto="https" X-AppService-Proto="https" X-Forwarded-TlsVersion="1.3" X-WAWS-Unencoded-URL="/api/deployments/latest?deployer=OneDeploy&amp;time=2025-11-23_18-00-29Z" X-Client-IP="52.225.25.99" X-Client-Port="10265" >
  <step title="Cleanup Xml Logs" date="2025-11-23T18:01:34.529" >
    <step title="Cleanup Infos" date="2025-11-23T18:01:34.629" totalFiles="216" totalCleanup="56" /><!-- duration: 33ms -->
  </step><!-- duration: 192ms -->
  <step title="DeploymentService.GetResult" date="2025-11-23T18:01:34.812" >
    <step title="DeploymentService.GetLatestDeployment" date="2025-11-23T18:01:34.912" >
      <step title="DeploymentManager.GetResults" date="2025-11-23T18:01:34.924" /><!-- duration: 1386ms -->
    </step><!-- duration: 1436ms -->
  </step><!-- duration: 1547ms -->
  <step title="Outgoing response" date="2025-11-23T18:01:36.371" type="response" statusCode="202" statusText="Accepted" /><!-- duration: 17ms -->
</step><!-- duration: 1880ms -->
