<step title="Incoming Request" date="2025-11-23T21:14:54.259" instance="4674be" url="/api/deployments/latest?deployer=OneDeploy&amp;time=2025-11-23_21-13-30Z" method="GET" type="request" pid="851,1,60" Host="hashingworkshoplogica-gjc2bhe2e8fpa3g3.scm.brazilsouth-01.azurewebsites.net" User-Agent="GITHUBACTIONS_DeployWebAppToAzure_5e95d6022cf6a5888ffee81f589163d620e6495c5eb196937077d69850f0d7ef" Authorization="Bea..." Content-Type="application/json; charset=utf-8" Cookie="ARRAffinity=4674be82b396abaf83d02ae5cb9797e3302ed577226c6d832720658f6837fffe;Path=/;HttpOnly;Secure;Domain=hashingworkshoplogica-gjc2bhe2e8fpa3g3.scm.brazilsouth-01.azurewebsites.net; ARRAffinitySameSite=4674be82b396abaf83d02ae5cb9797e3302ed577226c6d832720658f6837fffe;Path=/;HttpOnly;SameSite=None;Secure;Domain=hashingworkshoplogica-gjc2bhe2e8fpa3g3.scm.brazilsouth-01.azurewebsites.net" Content-Length="0" X-ARR-LOG-ID="8535933b-6cb2-4e44-a9df-9916d0f546fe" CLIENT-IP="57.151.137.36:21538" X-SITE-DEPLOYMENT-ID="HashingWorkshopLogica" WAS-DEFAULT-HOSTNAME="hashingworkshoplogica-gjc2bhe2e8fpa3g3.scm.brazilsouth-01.azurewebsites.net" X-Forwarded-Proto="https" X-AppService-Proto="https" X-Forwarded-TlsVersion="1.3" X-WAWS-Unencoded-URL="/api/deployments/latest?deployer=OneDeploy&amp;time=2025-11-23_21-13-30Z" X-Client-IP="57.151.137.36" X-Client-Port="21538" >
  <step title="Cleanup Xml Logs" date="2025-11-23T21:14:54.267" >
    <step title="Cleanup Infos" date="2025-11-23T21:14:54.297" totalFiles="257" totalCleanup="97" /><!-- duration: 11ms -->
  </step><!-- duration: 70ms -->
  <step title="DeploymentService.GetResult" date="2025-11-23T21:14:54.348" >
    <step title="DeploymentService.GetLatestDeployment" date="2025-11-23T21:14:54.357" >
      <step title="DeploymentManager.GetResults" date="2025-11-23T21:14:54.369" /><!-- duration: 1405ms -->
    </step><!-- duration: 1437ms -->
  </step><!-- duration: 1467ms -->
  <step title="Outgoing response" date="2025-11-23T21:14:55.827" type="response" statusCode="202" statusText="Accepted" /><!-- duration: 10ms -->
</step><!-- duration: 1587ms -->
