<step title="Incoming Request" date="2025-11-23T22:46:54.898" instance="4674be" url="/api/deployments/latest?deployer=OneDeploy&amp;time=2025-11-23_22-46-17Z" method="GET" type="request" pid="855,1,3" Host="hashingworkshoplogica-gjc2bhe2e8fpa3g3.scm.brazilsouth-01.azurewebsites.net" User-Agent="GITHUBACTIONS_DeployWebAppToAzure_5e95d6022cf6a5888ffee81f589163d620e6495c5eb196937077d69850f0d7ef" Authorization="Bea..." Content-Type="application/json; charset=utf-8" Cookie="ARRAffinity=4674be82b396abaf83d02ae5cb9797e3302ed577226c6d832720658f6837fffe;Path=/;HttpOnly;Secure;Domain=hashingworkshoplogica-gjc2bhe2e8fpa3g3.scm.brazilsouth-01.azurewebsites.net; ARRAffinitySameSite=4674be82b396abaf83d02ae5cb9797e3302ed577226c6d832720658f6837fffe;Path=/;HttpOnly;SameSite=None;Secure;Domain=hashingworkshoplogica-gjc2bhe2e8fpa3g3.scm.brazilsouth-01.azurewebsites.net" Content-Length="0" X-ARR-LOG-ID="a085b498-4c0a-42b3-853b-9e3c4feeac2f" CLIENT-IP="172.215.217.194:5139" X-SITE-DEPLOYMENT-ID="HashingWorkshopLogica" WAS-DEFAULT-HOSTNAME="hashingworkshoplogica-gjc2bhe2e8fpa3g3.scm.brazilsouth-01.azurewebsites.net" X-Forwarded-Proto="https" X-AppService-Proto="https" X-Forwarded-TlsVersion="1.3" X-WAWS-Unencoded-URL="/api/deployments/latest?deployer=OneDeploy&amp;time=2025-11-23_22-46-17Z" X-Client-IP="172.215.217.194" X-Client-Port="5139" >
  <step title="Cleanup Xml Logs" date="2025-11-23T22:46:54.910" >
    <step title="Cleanup Infos" date="2025-11-23T22:46:54.990" totalFiles="344" totalCleanup="184" /><!-- duration: 40ms -->
  </step><!-- duration: 132ms -->
  <step title="DeploymentService.GetResult" date="2025-11-23T22:46:55.101" >
    <step title="DeploymentService.GetLatestDeployment" date="2025-11-23T22:46:55.131" >
      <step title="DeploymentManager.GetResults" date="2025-11-23T22:46:55.172" /><!-- duration: 1327ms -->
    </step><!-- duration: 1387ms -->
  </step><!-- duration: 1437ms -->
  <step title="Outgoing response" date="2025-11-23T22:46:56.558" type="response" statusCode="202" statusText="Accepted" /><!-- duration: 11ms -->
</step><!-- duration: 1681ms -->
