<step title="BackgroundTrace" date="2025-11-23T17:13:33.700" instance="4674be" url="/api/publish" method="POST" >
  <step title="Creating temporary deployment - FetchDeploymentManager" date="2025-11-23T17:13:33.795" /><!-- duration: 2ms -->
  <step title="Creating temporary deployment" date="2025-11-23T17:13:33.801" /><!-- duration: 69ms -->
  <step title="Performing fetch based deployment" date="2025-11-23T17:13:33.911" >
    <step title="Cleaning up temp folders from previous zip deployments and extracting pushed zip file /tmp/zipdeploy/71a5ee7c-4f42-42f6-bbee-f4b88c3cc286.zip (0.12 MB) to /tmp/zipdeploy/extracted" date="2025-11-23T17:13:35.213" >
      <step title="ChmodRecursive Process exited with total time taken in ms: 42" date="2025-11-23T17:13:35.489" /><!-- duration: 9ms -->
    </step><!-- duration: 296ms -->
    <step title="Deployment timer started" date="2025-11-23T17:13:37.522" >
      <step title="DeploymentManager.Deploy(id:654b4ed7-4fa0-44a6-a569-81669b7a34e0)" date="2025-11-23T17:13:37.527" >
        <step title="Collecting changeset information" date="2025-11-23T17:13:37.562" /><!-- duration: 121ms -->
        <step title="Updating submodules" date="2025-11-23T17:13:37.688" /><!-- duration: 1162ms -->
        <step title="Determining deployment builder" date="2025-11-23T17:13:39.260" >
          <step title="Builder is OryxBuilder" date="2025-11-23T17:13:39.303" /><!-- duration: 19ms -->
        </step><!-- duration: 72ms -->
        <step title="PreDeployment: context.CleanOutputPath False" date="2025-11-23T17:13:39.453" >
          <step title="PreDeployment: context.OutputPath /home/site/wwwroot" date="2025-11-23T17:13:39.703" >
            <step title="Building" date="2025-11-23T17:13:39.938" >
              <step title="Executing external process" date="2025-11-23T17:13:40.367" type="process" path="bash" arguments="-c &quot;oryx build /tmp/zipdeploy/extracted -o /home/site/wwwroot --platform python --platform-version 3.14 -p virtualenv_name=antenv --log-file /tmp/build-debug.log  -i /tmp/8de2ab3a545eab1 --compress-destination-dir | tee /tmp/oryx-build.log ; exit $PIPESTATUS &quot;" /><!-- duration: 104793ms -->
              <step title="Using PythonDeploymentLogParser" date="2025-11-23T17:15:25.517" /><!-- duration: 18ms -->
              <step title="Modified file to trigger a restart of the app container." date="2025-11-23T17:15:27.581" /><!-- duration: 5ms -->
              <step title="Skip function trigger and logicapp sync because function is not enabled." date="2025-11-23T17:15:27.600" /><!-- duration: 11ms -->
            </step><!-- duration: 108985ms -->
          </step><!-- duration: 109340ms -->
          <step title="Cleaning up temp files" date="2025-11-23T17:15:29.105" /><!-- duration: 5976ms -->
          <step title="Cleaning up temp files" date="2025-11-23T17:15:35.089" /><!-- duration: 515ms -->
          <step title="Reloading status file with latest updates" date="2025-11-23T17:15:35.668" >
            <step title="WebHooksManager.PublishEventAsync: PostDeployment" date="2025-11-23T17:15:35.685" /><!-- duration: 564ms -->
          </step><!-- duration: 609ms -->
          <step title="Cleaning up temporary deployment - fetch deployment was successful" date="2025-11-23T17:15:36.289" /><!-- duration: 10ms -->
        </step><!-- duration: 116949ms -->
      </step><!-- duration: 118902ms -->
