<step title="Incoming Request" date="2025-11-23T22:09:17.243" instance="4674be" url="/api/deployments/latest?deployer=OneDeploy&amp;time=2025-11-23_22-09-02Z" method="GET" type="request" pid="855,1,7" Host="hashingworkshoplogica-gjc2bhe2e8fpa3g3.scm.brazilsouth-01.azurewebsites.net" User-Agent="GITHUBACTIONS_DeployWebAppToAzure_5e95d6022cf6a5888ffee81f589163d620e6495c5eb196937077d69850f0d7ef" Authorization="Bea..." Content-Type="application/json; charset=utf-8" Cookie="ARRAffinity=4674be82b396abaf83d02ae5cb9797e3302ed577226c6d832720658f6837fffe;Path=/;HttpOnly;Secure;Domain=hashingworkshoplogica-gjc2bhe2e8fpa3g3.scm.brazilsouth-01.azurewebsites.net; ARRAffinitySameSite=4674be82b396abaf83d02ae5cb9797e3302ed577226c6d832720658f6837fffe;Path=/;HttpOnly;SameSite=None;Secure;Domain=hashingworkshoplogica-gjc2bhe2e8fpa3g3.scm.brazilsouth-01.azurewebsites.net" Content-Length="0" X-ARR-LOG-ID="772d849d-98f5-41ff-a194-89977bfd35d0" CLIENT-IP="135.237.130.177:34824" X-SITE-DEPLOYMENT-ID="HashingWorkshopLogica" WAS-DEFAULT-HOSTNAME="hashingworkshoplogica-gjc2bhe2e8fpa3g3.scm.brazilsouth-01.azurewebsites.net" X-Forwarded-Proto="https" X-AppService-Proto="https" X-Forwarded-TlsVersion="1.3" X-WAWS-Unencoded-URL="/api/deployments/latest?deployer=OneDeploy&amp;time=2025-11-23_22-09-02Z" X-Client-IP="135.237.130.177" X-Client-Port="34824" >
  <step title="Cleanup Xml Logs" date="2025-11-23T22:09:17.274" >
    <step title="Cleanup Infos" date="2025-11-23T22:09:17.354" totalFiles="294" totalCleanup="134" /><!-- duration: 21ms -->
  </step><!-- duration: 128ms -->
  <step title="DeploymentService.GetResult" date="2025-11-23T22:09:17.496" >
    <step title="DeploymentService.GetLatestDeployment" date="2025-11-23T22:09:17.506" >
      <step title="DeploymentManager.GetResults" date="2025-11-23T22:09:17.524" /><!-- duration: 1283ms -->
    </step><!-- duration: 1328ms -->
  </step><!-- duration: 1367ms -->
  <step title="Outgoing response" date="2025-11-23T22:09:18.885" type="response" statusCode="202" statusText="Accepted" /><!-- duration: 4ms -->
</step><!-- duration: 1654ms -->
