<step title="Incoming Request" date="2025-11-23T22:46:32.627" instance="4674be" url="/api/deployments/latest?deployer=OneDeploy&amp;time=2025-11-23_22-46-17Z" method="GET" type="request" pid="855,1,18" Host="hashingworkshoplogica-gjc2bhe2e8fpa3g3.scm.brazilsouth-01.azurewebsites.net" User-Agent="GITHUBACTIONS_DeployWebAppToAzure_5e95d6022cf6a5888ffee81f589163d620e6495c5eb196937077d69850f0d7ef" Authorization="Bea..." Content-Type="application/json; charset=utf-8" Cookie="ARRAffinity=4674be82b396abaf83d02ae5cb9797e3302ed577226c6d832720658f6837fffe;Path=/;HttpOnly;Secure;Domain=hashingworkshoplogica-gjc2bhe2e8fpa3g3.scm.brazilsouth-01.azurewebsites.net; ARRAffinitySameSite=4674be82b396abaf83d02ae5cb9797e3302ed577226c6d832720658f6837fffe;Path=/;HttpOnly;SameSite=None;Secure;Domain=hashingworkshoplogica-gjc2bhe2e8fpa3g3.scm.brazilsouth-01.azurewebsites.net" Content-Length="0" X-ARR-LOG-ID="af9d8bb2-4a05-43cd-bf2a-d066fae3b406" CLIENT-IP="172.215.217.194:5138" X-SITE-DEPLOYMENT-ID="HashingWorkshopLogica" WAS-DEFAULT-HOSTNAME="hashingworkshoplogica-gjc2bhe2e8fpa3g3.scm.brazilsouth-01.azurewebsites.net" X-Forwarded-Proto="https" X-AppService-Proto="https" X-Forwarded-TlsVersion="1.3" X-WAWS-Unencoded-URL="/api/deployments/latest?deployer=OneDeploy&amp;time=2025-11-23_22-46-17Z" X-Client-IP="172.215.217.194" X-Client-Port="5138" >
  <step title="Cleanup Xml Logs" date="2025-11-23T22:46:32.630" >
    <step title="Cleanup Infos" date="2025-11-23T22:46:32.701" totalFiles="341" totalCleanup="181" /><!-- duration: 27ms -->
  </step><!-- duration: 128ms -->
  <step title="DeploymentService.GetResult" date="2025-11-23T22:46:32.800" >
    <step title="DeploymentService.GetLatestDeployment" date="2025-11-23T22:46:32.810" >
      <step title="DeploymentManager.GetResults" date="2025-11-23T22:46:32.839" /><!-- duration: 1298ms -->
    </step><!-- duration: 1346ms -->
  </step><!-- duration: 1368ms -->
  <step title="Outgoing response" date="2025-11-23T22:46:34.197" type="response" statusCode="202" statusText="Accepted" /><!-- duration: 20ms -->
</step><!-- duration: 1601ms -->
