<step title="Incoming Request" date="2025-11-23T15:19:45.092" instance="4674be" url="/api/publish?async=true&amp;deployer=GITHUB_ONE_DEPLOY&amp;type=zip&amp;message=%7B%22type%22%3A%22deployment%22%2C%22sha%22%3A%2246166468e1f1df0ef27523b4b368216d4e8bdcce%22%2C%22repoName%22%3A%22AlejandroBotero%2FWorkshops-LyR%22%2C%22actor%22%3A%22AlejandroBotero%22%2C%22slotName%22%3A%22Production%22%2C%22commitMessage%22%3A%22added%20startup.sh%22%7D" method="POST" type="request" pid="851,1,34" Host="hashingworkshoplogica-gjc2bhe2e8fpa3g3.scm.brazilsouth-01.azurewebsites.net" User-Agent="GITHUBACTIONS_DeployWebAppToAzure_5e95d6022cf6a5888ffee81f589163d620e6495c5eb196937077d69850f0d7ef" Authorization="Bea..." Content-Type="application/octet-stream" Cookie="ARRAffinity=4674be82b396abaf83d02ae5cb9797e3302ed577226c6d832720658f6837fffe;Path=/;HttpOnly;Secure;Domain=hashingworkshoplogica-gjc2bhe2e8fpa3g3.scm.brazilsouth-01.azurewebsites.net; ARRAffinitySameSite=4674be82b396abaf83d02ae5cb9797e3302ed577226c6d832720658f6837fffe;Path=/;HttpOnly;SameSite=None;Secure;Domain=hashingworkshoplogica-gjc2bhe2e8fpa3g3.scm.brazilsouth-01.azurewebsites.net" Transfer-Encoding="chunked" X-ARR-LOG-ID="912a4a9f-4709-4e3f-a4fe-ddd743c0f69f" CLIENT-IP="172.182.193.98:31760" X-SITE-DEPLOYMENT-ID="HashingWorkshopLogica" WAS-DEFAULT-HOSTNAME="hashingworkshoplogica-gjc2bhe2e8fpa3g3.scm.brazilsouth-01.azurewebsites.net" X-Forwarded-Proto="https" X-AppService-Proto="https" X-Forwarded-TlsVersion="1.3" X-WAWS-Unencoded-URL="/api/publish?async=true&amp;deployer=GITHUB_ONE_DEPLOY&amp;type=zip&amp;message=%7B%22type%22%3A%22deployment%22%2C%22sha%22%3A%2246166468e1f1df0ef27523b4b368216d4e8bdcce%22%2C%22repoName%22%3A%22AlejandroBotero%2FWorkshops-LyR%22%2C%22actor%22%3A%22AlejandroBotero%22%2C%22slotName%22%3A%22Production%22%2C%22commitMessage%22%3A%22added%20startup.sh%22%7D" X-Client-IP="172.182.193.98" X-Client-Port="31760" >
  <step title="OneDeploy" date="2025-11-23T15:19:45.165" >
    <step title="Starting PushDeployAsync" date="2025-11-23T15:19:45.182" /><!-- duration: 4ms -->
    <step title="Writing artifact to /tmp/zipdeploy/4c327fbb-3a63-4b52-85e5-f03f60d85ed9.zip" date="2025-11-23T15:19:45.203" >
      <step title="Writing multipart request body to /tmp/zipdeploy/4c327fbb-3a63-4b52-85e5-f03f60d85ed9.zip" date="2025-11-23T15:19:45.206" /><!-- duration: 5ms -->
    </step><!-- duration: 254ms -->
    <step title="Removing previous build artifact&apos;s manifest file" date="2025-11-23T15:19:45.477" >
      <step title="Start deployment in the background" date="2025-11-23T15:19:45.519" >
        <step title="Acquiring Deployment Lock" date="2025-11-23T15:19:45.607" /><!-- duration: 11ms -->
        <step title="Acquired Deployment Lock" date="2025-11-23T15:19:45.671" /><!-- duration: 9ms -->
      </step><!-- duration: 323ms -->
    </step><!-- duration: 368ms -->
    <step title="Outgoing response" date="2025-11-23T15:19:45.849" type="response" statusCode="202" statusText="Accepted" /><!-- duration: 3ms -->
  </step><!-- duration: 690ms -->
