<step title="Incoming Request" date="2025-11-23T18:01:20.912" instance="4674be" url="/api/deployments/latest?deployer=OneDeploy&amp;time=2025-11-23_18-00-29Z" method="GET" type="request" pid="851,1,30" Host="hashingworkshoplogica-gjc2bhe2e8fpa3g3.scm.brazilsouth-01.azurewebsites.net" User-Agent="GITHUBACTIONS_DeployWebAppToAzure_5e95d6022cf6a5888ffee81f589163d620e6495c5eb196937077d69850f0d7ef" Authorization="Bea..." Content-Type="application/json; charset=utf-8" Cookie="ARRAffinity=4674be82b396abaf83d02ae5cb9797e3302ed577226c6d832720658f6837fffe;Path=/;HttpOnly;Secure;Domain=hashingworkshoplogica-gjc2bhe2e8fpa3g3.scm.brazilsouth-01.azurewebsites.net; ARRAffinitySameSite=4674be82b396abaf83d02ae5cb9797e3302ed577226c6d832720658f6837fffe;Path=/;HttpOnly;SameSite=None;Secure;Domain=hashingworkshoplogica-gjc2bhe2e8fpa3g3.scm.brazilsouth-01.azurewebsites.net" Content-Length="0" X-ARR-LOG-ID="eb38d1ff-f4ef-44e0-9b01-8442603441fb" CLIENT-IP="52.225.25.99:10265" X-SITE-DEPLOYMENT-ID="HashingWorkshopLogica" WAS-DEFAULT-HOSTNAME="hashingworkshoplogica-gjc2bhe2e8fpa3g3.scm.brazilsouth-01.azurewebsites.net" X-Forwarded-Proto="https" X-AppService-Proto="https" X-Forwarded-TlsVersion="1.3" X-WAWS-Unencoded-URL="/api/deployments/latest?deployer=OneDeploy&amp;time=2025-11-23_18-00-29Z" X-Client-IP="52.225.25.99" X-Client-Port="10265" >
  <step title="Cleanup Xml Logs" date="2025-11-23T18:01:20.922" >
    <step title="Cleanup Infos" date="2025-11-23T18:01:20.952" totalFiles="214" totalCleanup="54" /><!-- duration: 19ms -->
  </step><!-- duration: 53ms -->
  <step title="DeploymentService.GetResult" date="2025-11-23T18:01:20.995" >
    <step title="DeploymentService.GetLatestDeployment" date="2025-11-23T18:01:21.004" >
      <step title="DeploymentManager.GetResults" date="2025-11-23T18:01:21.014" /><!-- duration: 843ms -->
    </step><!-- duration: 873ms -->
  </step><!-- duration: 892ms -->
  <step title="Outgoing response" date="2025-11-23T18:01:21.908" type="response" statusCode="202" statusText="Accepted" /><!-- duration: 11ms -->
</step><!-- duration: 1018ms -->
