<step title="Incoming Request" date="2025-11-23T22:30:02.548" instance="4674be" url="/api/deployments/latest?deployer=OneDeploy&amp;time=2025-11-23_22-29-18Z" method="GET" type="request" pid="855,1,33" Host="hashingworkshoplogica-gjc2bhe2e8fpa3g3.scm.brazilsouth-01.azurewebsites.net" User-Agent="GITHUBACTIONS_DeployWebAppToAzure_5e95d6022cf6a5888ffee81f589163d620e6495c5eb196937077d69850f0d7ef" Authorization="Bea..." Content-Type="application/json; charset=utf-8" Cookie="ARRAffinity=4674be82b396abaf83d02ae5cb9797e3302ed577226c6d832720658f6837fffe;Path=/;HttpOnly;Secure;Domain=hashingworkshoplogica-gjc2bhe2e8fpa3g3.scm.brazilsouth-01.azurewebsites.net; ARRAffinitySameSite=4674be82b396abaf83d02ae5cb9797e3302ed577226c6d832720658f6837fffe;Path=/;HttpOnly;SameSite=None;Secure;Domain=hashingworkshoplogica-gjc2bhe2e8fpa3g3.scm.brazilsouth-01.azurewebsites.net" Content-Length="0" X-ARR-LOG-ID="2c4d0366-2e72-4000-aa83-354a0428c049" CLIENT-IP="172.182.195.128:48128" X-SITE-DEPLOYMENT-ID="HashingWorkshopLogica" WAS-DEFAULT-HOSTNAME="hashingworkshoplogica-gjc2bhe2e8fpa3g3.scm.brazilsouth-01.azurewebsites.net" X-Forwarded-Proto="https" X-AppService-Proto="https" X-Forwarded-TlsVersion="1.3" X-WAWS-Unencoded-URL="/api/deployments/latest?deployer=OneDeploy&amp;time=2025-11-23_22-29-18Z" X-Client-IP="172.182.195.128" X-Client-Port="48128" >
  <step title="Cleanup Xml Logs" date="2025-11-23T22:30:02.570" >
    <step title="Cleanup Infos" date="2025-11-23T22:30:02.720" totalFiles="321" totalCleanup="161" /><!-- duration: 52ms -->
  </step><!-- duration: 340ms -->
  <step title="DeploymentService.GetResult" date="2025-11-23T22:30:02.991" >
    <step title="DeploymentService.GetLatestDeployment" date="2025-11-23T22:30:03.050" >
      <step title="DeploymentManager.GetResults" date="2025-11-23T22:30:03.120" /><!-- duration: 2971ms -->
    </step><!-- duration: 3132ms -->
  </step><!-- duration: 3309ms -->
  <step title="Outgoing response" date="2025-11-23T22:30:06.332" type="response" statusCode="202" statusText="Accepted" /><!-- duration: 31ms -->
</step><!-- duration: 3875ms -->
