<step title="Incoming Request" date="2025-11-23T22:10:24.257" instance="4674be" url="/api/deployments/latest?deployer=OneDeploy&amp;time=2025-11-23_22-09-02Z" method="GET" type="request" pid="855,1,22" Host="hashingworkshoplogica-gjc2bhe2e8fpa3g3.scm.brazilsouth-01.azurewebsites.net" User-Agent="GITHUBACTIONS_DeployWebAppToAzure_5e95d6022cf6a5888ffee81f589163d620e6495c5eb196937077d69850f0d7ef" Authorization="Bea..." Content-Type="application/json; charset=utf-8" Cookie="ARRAffinity=4674be82b396abaf83d02ae5cb9797e3302ed577226c6d832720658f6837fffe;Path=/;HttpOnly;Secure;Domain=hashingworkshoplogica-gjc2bhe2e8fpa3g3.scm.brazilsouth-01.azurewebsites.net; ARRAffinitySameSite=4674be82b396abaf83d02ae5cb9797e3302ed577226c6d832720658f6837fffe;Path=/;HttpOnly;SameSite=None;Secure;Domain=hashingworkshoplogica-gjc2bhe2e8fpa3g3.scm.brazilsouth-01.azurewebsites.net" Content-Length="0" X-ARR-LOG-ID="a728de17-6f4f-4076-99d8-8de9b27d9981" CLIENT-IP="135.237.130.177:34826" X-SITE-DEPLOYMENT-ID="HashingWorkshopLogica" WAS-DEFAULT-HOSTNAME="hashingworkshoplogica-gjc2bhe2e8fpa3g3.scm.brazilsouth-01.azurewebsites.net" X-Forwarded-Proto="https" X-AppService-Proto="https" X-Forwarded-TlsVersion="1.3" X-WAWS-Unencoded-URL="/api/deployments/latest?deployer=OneDeploy&amp;time=2025-11-23_22-09-02Z" X-Client-IP="135.237.130.177" X-Client-Port="34826" >
  <step title="Cleanup Xml Logs" date="2025-11-23T22:10:24.278" >
    <step title="Cleanup Infos" date="2025-11-23T22:10:24.348" totalFiles="303" totalCleanup="143" /><!-- duration: 19ms -->
  </step><!-- duration: 101ms -->
  <step title="DeploymentService.GetResult" date="2025-11-23T22:10:24.419" >
    <step title="DeploymentService.GetLatestDeployment" date="2025-11-23T22:10:24.429" >
      <step title="DeploymentManager.GetResults" date="2025-11-23T22:10:24.448" /><!-- duration: 1347ms -->
    </step><!-- duration: 1387ms -->
  </step><!-- duration: 1426ms -->
  <step title="Outgoing response" date="2025-11-23T22:10:25.875" type="response" statusCode="202" statusText="Accepted" /><!-- duration: 12ms -->
</step><!-- duration: 1640ms -->
