<step title="Incoming Request" date="2025-11-23T16:41:27.502" instance="4674be" url="/api/publish?async=true&amp;deployer=GITHUB_ONE_DEPLOY&amp;type=zip&amp;message=%7B%22type%22%3A%22deployment%22%2C%22sha%22%3A%220201145a46adef16602c0a8d63c73221ead1d7cc%22%2C%22repoName%22%3A%22AlejandroBotero%2FWorkshops-LyR%22%2C%22actor%22%3A%22AlejandroBotero%22%2C%22slotName%22%3A%22Production%22%2C%22commitMessage%22%3A%22disabled%20csrf%20for%20news%20submition%22%7D" method="POST" type="request" pid="851,1,39" Host="hashingworkshoplogica-gjc2bhe2e8fpa3g3.scm.brazilsouth-01.azurewebsites.net" User-Agent="GITHUBACTIONS_DeployWebAppToAzure_5e95d6022cf6a5888ffee81f589163d620e6495c5eb196937077d69850f0d7ef" Authorization="Bea..." Content-Type="application/octet-stream" Cookie="ARRAffinity=4674be82b396abaf83d02ae5cb9797e3302ed577226c6d832720658f6837fffe;Path=/;HttpOnly;Secure;Domain=hashingworkshoplogica-gjc2bhe2e8fpa3g3.scm.brazilsouth-01.azurewebsites.net; ARRAffinitySameSite=4674be82b396abaf83d02ae5cb9797e3302ed577226c6d832720658f6837fffe;Path=/;HttpOnly;SameSite=None;Secure;Domain=hashingworkshoplogica-gjc2bhe2e8fpa3g3.scm.brazilsouth-01.azurewebsites.net" Transfer-Encoding="chunked" X-ARR-LOG-ID="90e3e03a-3687-4be8-b3cc-2771bf7749e7" CLIENT-IP="172.172.87.249:23552" X-SITE-DEPLOYMENT-ID="HashingWorkshopLogica" WAS-DEFAULT-HOSTNAME="hashingworkshoplogica-gjc2bhe2e8fpa3g3.scm.brazilsouth-01.azurewebsites.net" X-Forwarded-Proto="https" X-AppService-Proto="https" X-Forwarded-TlsVersion="1.3" X-WAWS-Unencoded-URL="/api/publish?async=true&amp;deployer=GITHUB_ONE_DEPLOY&amp;type=zip&amp;message=%7B%22type%22%3A%22deployment%22%2C%22sha%22%3A%220201145a46adef16602c0a8d63c73221ead1d7cc%22%2C%22repoName%22%3A%22AlejandroBotero%2FWorkshops-LyR%22%2C%22actor%22%3A%22AlejandroBotero%22%2C%22slotName%22%3A%22Production%22%2C%22commitMessage%22%3A%22disabled%20csrf%20for%20news%20submition%22%7D" X-Client-IP="172.172.87.249" X-Client-Port="23552" >
  <step title="OneDeploy" date="2025-11-23T16:41:27.519" >
    <step title="Starting PushDeployAsync" date="2025-11-23T16:41:27.535" /><!-- duration: 5ms -->
    <step title="Writing artifact to /tmp/zipdeploy/f64fdd67-77f7-4658-89b1-20c7949892c5.zip" date="2025-11-23T16:41:27.564" >
      <step title="Writing multipart request body to /tmp/zipdeploy/f64fdd67-77f7-4658-89b1-20c7949892c5.zip" date="2025-11-23T16:41:27.567" /><!-- duration: 7ms -->
    </step><!-- duration: 120ms -->
    <step title="Removing previous build artifact&apos;s manifest file" date="2025-11-23T16:41:27.705" >
      <step title="Start deployment in the background" date="2025-11-23T16:41:27.737" >
        <step title="Acquiring Deployment Lock" date="2025-11-23T16:41:27.792" /><!-- duration: 3ms -->
        <step title="Acquired Deployment Lock" date="2025-11-23T16:41:27.833" /><!-- duration: 5ms -->
      </step><!-- duration: 227ms -->
    </step><!-- duration: 268ms -->
    <step title="Outgoing response" date="2025-11-23T16:41:27.976" type="response" statusCode="202" statusText="Accepted" /><!-- duration: 3ms -->
  </step><!-- duration: 463ms -->
