<step title="BackgroundTrace" date="2025-11-23T22:29:18.678" instance="4674be" url="/api/publish" method="POST" >
  <step title="Creating temporary deployment - FetchDeploymentManager" date="2025-11-23T22:29:18.749" /><!-- duration: 3ms -->
  <step title="Creating temporary deployment" date="2025-11-23T22:29:18.758" /><!-- duration: 81ms -->
  <step title="Performing fetch based deployment" date="2025-11-23T22:29:18.872" >
    <step title="Cleaning up temp folders from previous zip deployments and extracting pushed zip file /tmp/zipdeploy/52dd3405-d3d9-4d01-b665-29f985be6eae.zip (0.13 MB) to /tmp/zipdeploy/extracted" date="2025-11-23T22:29:20.028" >
      <step title="ChmodRecursive Process exited with total time taken in ms: 43" date="2025-11-23T22:29:20.204" /><!-- duration: 10ms -->
    </step><!-- duration: 191ms -->
    <step title="Deployment timer started" date="2025-11-23T22:29:22.256" >
      <step title="DeploymentManager.Deploy(id:c346fd34-a4cd-4b23-a6b7-7bd28d423958)" date="2025-11-23T22:29:22.264" >
        <step title="Collecting changeset information" date="2025-11-23T22:29:22.323" /><!-- duration: 231ms -->
        <step title="Updating submodules" date="2025-11-23T22:29:22.574" /><!-- duration: 1198ms -->
        <step title="Determining deployment builder" date="2025-11-23T22:29:23.981" >
          <step title="Builder is OryxBuilder" date="2025-11-23T22:29:24.033" /><!-- duration: 28ms -->
        </step><!-- duration: 91ms -->
        <step title="PreDeployment: context.CleanOutputPath False" date="2025-11-23T22:29:24.149" >
          <step title="PreDeployment: context.OutputPath /home/site/wwwroot" date="2025-11-23T22:29:24.297" >
            <step title="Building" date="2025-11-23T22:29:24.563" >
              <step title="Executing external process" date="2025-11-23T22:29:24.948" type="process" path="bash" arguments="-c &quot;oryx build /tmp/zipdeploy/extracted -o /home/site/wwwroot --platform python --platform-version 3.14 -p virtualenv_name=antenv --log-file /tmp/build-debug.log  -i /tmp/8de2adfc1369462 --compress-destination-dir | tee /tmp/oryx-build.log ; exit $PIPESTATUS &quot;" /><!-- duration: 96814ms -->
              <step title="Using PythonDeploymentLogParser" date="2025-11-23T22:31:02.276" /><!-- duration: 13ms -->
              <step title="Modified file to trigger a restart of the app container." date="2025-11-23T22:31:03.699" /><!-- duration: 3ms -->
              <step title="Skip function trigger and logicapp sync because function is not enabled." date="2025-11-23T22:31:03.707" /><!-- duration: 20ms -->
              <step title="Purge deployment items" date="2025-11-23T22:31:05.054" >
                <step title="Remove 6e36212e-, Success, received at 11/23/2025 16:01:53" date="2025-11-23T22:31:05.114" /><!-- duration: 4ms -->
              </step><!-- duration: 68ms -->
            </step><!-- duration: 100649ms -->
          </step><!-- duration: 100920ms -->
          <step title="Cleaning up temp files" date="2025-11-23T22:31:05.221" /><!-- duration: 2275ms -->
          <step title="Cleaning up temp files" date="2025-11-23T22:31:07.508" /><!-- duration: 505ms -->
          <step title="Reloading status file with latest updates" date="2025-11-23T22:31:08.054" >
            <step title="WebHooksManager.PublishEventAsync: PostDeployment" date="2025-11-23T22:31:08.064" /><!-- duration: 100ms -->
          </step><!-- duration: 141ms -->
          <step title="Cleaning up temporary deployment - fetch deployment was successful" date="2025-11-23T22:31:08.223" /><!-- duration: 6ms -->
        </step><!-- duration: 105021ms -->
      </step><!-- duration: 106925ms -->
