﻿<?xml version="1.0" encoding="utf-8"?>
<deployment>
  <id>654b4ed7-4fa0-44a6-a569-81669b7a34e0</id>
  <author>N/A</author>
  <deployer>OneDeploy</deployer>
  <authorEmail>N/A</authorEmail>
  <message>OneDeploy</message>
  <progress></progress>
  <status>Success</status>
  <statusText></statusText>
  <lastSuccessEndTime>2025-11-23T17:15:27.9915473Z</lastSuccessEndTime>
  <receivedTime>2025-11-23T17:13:37.6225659Z</receivedTime>
  <startTime>2025-11-23T17:13:39.1306245Z</startTime>
  <endTime>2025-11-23T17:15:27.9915473Z</endTime>
  <complete>True</complete>
  <is_temp>False</is_temp>
  <is_readonly>True</is_readonly>
  <buildSummary />
</deployment>