﻿<?xml version="1.0" encoding="utf-8"?>
<deployment>
  <id>e11dd511-ea2a-4961-913c-4d43d5d467a5</id>
  <author>N/A</author>
  <deployer>OneDeploy</deployer>
  <authorEmail>N/A</authorEmail>
  <message>OneDeploy</message>
  <progress></progress>
  <status>Success</status>
  <statusText></statusText>
  <lastSuccessEndTime>2025-11-23T18:08:45.4703697Z</lastSuccessEndTime>
  <receivedTime>2025-11-23T18:06:48.8716284Z</receivedTime>
  <startTime>2025-11-23T18:06:50.223522Z</startTime>
  <endTime>2025-11-23T18:08:45.4703697Z</endTime>
  <complete>True</complete>
  <is_temp>False</is_temp>
  <is_readonly>True</is_readonly>
  <buildSummary />
</deployment>