﻿<?xml version="1.0" encoding="utf-8"?>
<deployment>
  <id>c346fd34-a4cd-4b23-a6b7-7bd28d423958</id>
  <author>N/A</author>
  <deployer>OneDeploy</deployer>
  <authorEmail>N/A</authorEmail>
  <message>OneDeploy</message>
  <progress></progress>
  <status>Success</status>
  <statusText></statusText>
  <lastSuccessEndTime>2025-11-23T22:31:04.1553092Z</lastSuccessEndTime>
  <receivedTime>2025-11-23T22:29:22.442347Z</receivedTime>
  <startTime>2025-11-23T22:29:23.9146302Z</startTime>
  <endTime>2025-11-23T22:31:04.1553092Z</endTime>
  <complete>True</complete>
  <is_temp>False</is_temp>
  <is_readonly>True</is_readonly>
  <buildSummary />
</deployment>