﻿<?xml version="1.0" encoding="utf-8"?>
<deployment>
  <id>cbef739d-a6f7-4245-8cb3-554d37eff51b</id>
  <author>N/A</author>
  <deployer>OneDeploy</deployer>
  <authorEmail>N/A</authorEmail>
  <message>OneDeploy</message>
  <progress></progress>
  <status>Success</status>
  <statusText></statusText>
  <lastSuccessEndTime>2025-11-23T21:18:33.149536Z</lastSuccessEndTime>
  <receivedTime>2025-11-23T21:15:34.6718186Z</receivedTime>
  <startTime>2025-11-23T21:15:36.6741684Z</startTime>
  <endTime>2025-11-23T21:18:33.149536Z</endTime>
  <complete>True</complete>
  <is_temp>False</is_temp>
  <is_readonly>True</is_readonly>
  <buildSummary />
</deployment>