﻿<?xml version="1.0" encoding="utf-8"?>
<deployment>
  <id>37924fbd-d114-4d1a-8a67-7079a17cbc32</id>
  <author>N/A</author>
  <deployer>OneDeploy</deployer>
  <authorEmail>N/A</authorEmail>
  <message>OneDeploy</message>
  <progress></progress>
  <status>Success</status>
  <statusText></statusText>
  <lastSuccessEndTime>2025-11-23T22:48:12.4655058Z</lastSuccessEndTime>
  <receivedTime>2025-11-23T22:46:21.1158885Z</receivedTime>
  <startTime>2025-11-23T22:46:22.5901773Z</startTime>
  <endTime>2025-11-23T22:48:12.4655058Z</endTime>
  <complete>True</complete>
  <is_temp>False</is_temp>
  <is_readonly>True</is_readonly>
  <buildSummary />
</deployment>