<step title="Incoming Request" date="2025-11-23T22:30:48.396" instance="4674be" url="/api/deployments/latest?deployer=OneDeploy&amp;time=2025-11-23_22-29-18Z" method="GET" type="request" pid="855,1,27" Host="hashingworkshoplogica-gjc2bhe2e8fpa3g3.scm.brazilsouth-01.azurewebsites.net" User-Agent="GITHUBACTIONS_DeployWebAppToAzure_5e95d6022cf6a5888ffee81f589163d620e6495c5eb196937077d69850f0d7ef" Authorization="Bea..." Content-Type="application/json; charset=utf-8" Cookie="ARRAffinity=4674be82b396abaf83d02ae5cb9797e3302ed577226c6d832720658f6837fffe;Path=/;HttpOnly;Secure;Domain=hashingworkshoplogica-gjc2bhe2e8fpa3g3.scm.brazilsouth-01.azurewebsites.net; ARRAffinitySameSite=4674be82b396abaf83d02ae5cb9797e3302ed577226c6d832720658f6837fffe;Path=/;HttpOnly;SameSite=None;Secure;Domain=hashingworkshoplogica-gjc2bhe2e8fpa3g3.scm.brazilsouth-01.azurewebsites.net" Content-Length="0" X-ARR-LOG-ID="a8a6a435-7124-4fc2-849d-3c9e49d08b86" CLIENT-IP="172.182.195.128:48128" X-SITE-DEPLOYMENT-ID="HashingWorkshopLogica" WAS-DEFAULT-HOSTNAME="hashingworkshoplogica-gjc2bhe2e8fpa3g3.scm.brazilsouth-01.azurewebsites.net" X-Forwarded-Proto="https" X-AppService-Proto="https" X-Forwarded-TlsVersion="1.3" X-WAWS-Unencoded-URL="/api/deployments/latest?deployer=OneDeploy&amp;time=2025-11-23_22-29-18Z" X-Client-IP="172.182.195.128" X-Client-Port="48128" >
  <step title="Cleanup Xml Logs" date="2025-11-23T22:30:48.406" >
    <step title="Cleanup Infos" date="2025-11-23T22:30:48.443" totalFiles="327" totalCleanup="167" /><!-- duration: 13ms -->
  </step><!-- duration: 60ms -->
  <step title="DeploymentService.GetResult" date="2025-11-23T22:30:48.494" >
    <step title="DeploymentService.GetLatestDeployment" date="2025-11-23T22:30:48.506" >
      <step title="DeploymentManager.GetResults" date="2025-11-23T22:30:48.545" /><!-- duration: 1257ms -->
    </step><!-- duration: 1338ms -->
  </step><!-- duration: 1389ms -->
  <step title="Outgoing response" date="2025-11-23T22:30:49.904" type="response" statusCode="202" statusText="Accepted" /><!-- duration: 20ms -->
</step><!-- duration: 1538ms -->
