<step title="Incoming Request" date="2025-11-23T22:09:31.614" instance="4674be" url="/api/deployments/latest?deployer=OneDeploy&amp;time=2025-11-23_22-09-02Z" method="GET" type="request" pid="855,1,5" Host="hashingworkshoplogica-gjc2bhe2e8fpa3g3.scm.brazilsouth-01.azurewebsites.net" User-Agent="GITHUBACTIONS_DeployWebAppToAzure_5e95d6022cf6a5888ffee81f589163d620e6495c5eb196937077d69850f0d7ef" Authorization="Bea..." Content-Type="application/json; charset=utf-8" Cookie="ARRAffinity=4674be82b396abaf83d02ae5cb9797e3302ed577226c6d832720658f6837fffe;Path=/;HttpOnly;Secure;Domain=hashingworkshoplogica-gjc2bhe2e8fpa3g3.scm.brazilsouth-01.azurewebsites.net; ARRAffinitySameSite=4674be82b396abaf83d02ae5cb9797e3302ed577226c6d832720658f6837fffe;Path=/;HttpOnly;SameSite=None;Secure;Domain=hashingworkshoplogica-gjc2bhe2e8fpa3g3.scm.brazilsouth-01.azurewebsites.net" Content-Length="0" X-ARR-LOG-ID="c22af988-d752-4b0f-b434-2431a999c953" CLIENT-IP="135.237.130.177:34824" X-SITE-DEPLOYMENT-ID="HashingWorkshopLogica" WAS-DEFAULT-HOSTNAME="hashingworkshoplogica-gjc2bhe2e8fpa3g3.scm.brazilsouth-01.azurewebsites.net" X-Forwarded-Proto="https" X-AppService-Proto="https" X-Forwarded-TlsVersion="1.3" X-WAWS-Unencoded-URL="/api/deployments/latest?deployer=OneDeploy&amp;time=2025-11-23_22-09-02Z" X-Client-IP="135.237.130.177" X-Client-Port="34824" >
  <step title="Cleanup Xml Logs" date="2025-11-23T22:09:31.623" >
    <step title="Cleanup Infos" date="2025-11-23T22:09:31.664" totalFiles="296" totalCleanup="136" /><!-- duration: 30ms -->
  </step><!-- duration: 81ms -->
  <step title="DeploymentService.GetResult" date="2025-11-23T22:09:31.764" >
    <step title="DeploymentService.GetLatestDeployment" date="2025-11-23T22:09:31.775" >
      <step title="DeploymentManager.GetResults" date="2025-11-23T22:09:31.794" /><!-- duration: 1405ms -->
    </step><!-- duration: 1446ms -->
  </step><!-- duration: 1468ms -->
  <step title="Outgoing response" date="2025-11-23T22:09:33.251" type="response" statusCode="202" statusText="Accepted" /><!-- duration: 20ms -->
</step><!-- duration: 1688ms -->
