<step title="Incoming Request" date="2025-11-23T22:30:55.625" instance="4674be" url="/api/deployments/latest?deployer=OneDeploy&amp;time=2025-11-23_22-29-18Z" method="GET" type="request" pid="855,1,29" Host="hashingworkshoplogica-gjc2bhe2e8fpa3g3.scm.brazilsouth-01.azurewebsites.net" User-Agent="GITHUBACTIONS_DeployWebAppToAzure_5e95d6022cf6a5888ffee81f589163d620e6495c5eb196937077d69850f0d7ef" Authorization="Bea..." Content-Type="application/json; charset=utf-8" Cookie="ARRAffinity=4674be82b396abaf83d02ae5cb9797e3302ed577226c6d832720658f6837fffe;Path=/;HttpOnly;Secure;Domain=hashingworkshoplogica-gjc2bhe2e8fpa3g3.scm.brazilsouth-01.azurewebsites.net; ARRAffinitySameSite=4674be82b396abaf83d02ae5cb9797e3302ed577226c6d832720658f6837fffe;Path=/;HttpOnly;SameSite=None;Secure;Domain=hashingworkshoplogica-gjc2bhe2e8fpa3g3.scm.brazilsouth-01.azurewebsites.net" Content-Length="0" X-ARR-LOG-ID="54d36180-acc1-4cf7-810b-d43c026cceb4" CLIENT-IP="172.182.195.128:48130" X-SITE-DEPLOYMENT-ID="HashingWorkshopLogica" WAS-DEFAULT-HOSTNAME="hashingworkshoplogica-gjc2bhe2e8fpa3g3.scm.brazilsouth-01.azurewebsites.net" X-Forwarded-Proto="https" X-AppService-Proto="https" X-Forwarded-TlsVersion="1.3" X-WAWS-Unencoded-URL="/api/deployments/latest?deployer=OneDeploy&amp;time=2025-11-23_22-29-18Z" X-Client-IP="172.182.195.128" X-Client-Port="48130" >
  <step title="Cleanup Xml Logs" date="2025-11-23T22:30:55.635" >
    <step title="Cleanup Infos" date="2025-11-23T22:30:55.683" totalFiles="328" totalCleanup="168" /><!-- duration: 31ms -->
  </step><!-- duration: 90ms -->
  <step title="DeploymentService.GetResult" date="2025-11-23T22:30:55.765" >
    <step title="DeploymentService.GetLatestDeployment" date="2025-11-23T22:30:55.774" >
      <step title="DeploymentManager.GetResults" date="2025-11-23T22:30:55.785" /><!-- duration: 1065ms -->
    </step><!-- duration: 1106ms -->
  </step><!-- duration: 1126ms -->
  <step title="Outgoing response" date="2025-11-23T22:30:56.901" type="response" statusCode="202" statusText="Accepted" /><!-- duration: 11ms -->
</step><!-- duration: 1298ms -->
