<step title="BackgroundTrace" date="2025-11-23T18:06:45.188" instance="4674be" url="/api/publish" method="POST" >
  <step title="Creating temporary deployment - FetchDeploymentManager" date="2025-11-23T18:06:45.276" /><!-- duration: 2ms -->
  <step title="Creating temporary deployment" date="2025-11-23T18:06:45.282" /><!-- duration: 66ms -->
  <step title="Performing fetch based deployment" date="2025-11-23T18:06:45.371" >
    <step title="Cleaning up temp folders from previous zip deployments and extracting pushed zip file /tmp/zipdeploy/7eee09da-acd8-44dc-830e-1e0e95c45d46.zip (0.12 MB) to /tmp/zipdeploy/extracted" date="2025-11-23T18:06:46.536" >
      <step title="ChmodRecursive Process exited with total time taken in ms: 40" date="2025-11-23T18:06:46.695" /><!-- duration: 10ms -->
    </step><!-- duration: 172ms -->
    <step title="Deployment timer started" date="2025-11-23T18:06:48.726" >
      <step title="DeploymentManager.Deploy(id:e11dd511-ea2a-4961-913c-4d43d5d467a5)" date="2025-11-23T18:06:48.731" >
        <step title="Collecting changeset information" date="2025-11-23T18:06:48.816" /><!-- duration: 115ms -->
        <step title="Updating submodules" date="2025-11-23T18:06:48.936" /><!-- duration: 1134ms -->
        <step title="Determining deployment builder" date="2025-11-23T18:06:50.285" >
          <step title="Builder is OryxBuilder" date="2025-11-23T18:06:50.305" /><!-- duration: 11ms -->
        </step><!-- duration: 42ms -->
        <step title="PreDeployment: context.CleanOutputPath False" date="2025-11-23T18:06:50.413" >
          <step title="PreDeployment: context.OutputPath /home/site/wwwroot" date="2025-11-23T18:06:50.540" >
            <step title="Building" date="2025-11-23T18:06:50.729" >
              <step title="Executing external process" date="2025-11-23T18:06:51.215" type="process" path="bash" arguments="-c &quot;oryx build /tmp/zipdeploy/extracted -o /home/site/wwwroot --platform python --platform-version 3.14 -p virtualenv_name=antenv --log-file /tmp/build-debug.log  -i /tmp/8de2abb1342290e --compress-destination-dir | tee /tmp/oryx-build.log ; exit $PIPESTATUS &quot;" /><!-- duration: 112030ms -->
              <step title="Using PythonDeploymentLogParser" date="2025-11-23T18:08:43.680" /><!-- duration: 12ms -->
              <step title="Modified file to trigger a restart of the app container." date="2025-11-23T18:08:45.060" /><!-- duration: 2ms -->
              <step title="Skip function trigger and logicapp sync because function is not enabled." date="2025-11-23T18:08:45.067" /><!-- duration: 8ms -->
            </step><!-- duration: 115377ms -->
          </step><!-- duration: 115572ms -->
          <step title="Cleaning up temp files" date="2025-11-23T18:08:46.115" /><!-- duration: 1938ms -->
          <step title="Cleaning up temp files" date="2025-11-23T18:08:48.060" /><!-- duration: 511ms -->
          <step title="Reloading status file with latest updates" date="2025-11-23T18:08:48.618" >
            <step title="WebHooksManager.PublishEventAsync: PostDeployment" date="2025-11-23T18:08:48.621" /><!-- duration: 56ms -->
          </step><!-- duration: 62ms -->
          <step title="Cleaning up temporary deployment - fetch deployment was successful" date="2025-11-23T18:08:48.686" /><!-- duration: 3ms -->
        </step><!-- duration: 118331ms -->
      </step><!-- duration: 120026ms -->
