<step title="Incoming Request" date="2025-11-23T21:17:11.347" instance="4674be" url="/api/deployments/latest?deployer=OneDeploy&amp;time=2025-11-23_21-15-29Z" method="GET" type="request" pid="851,1,58" Host="hashingworkshoplogica-gjc2bhe2e8fpa3g3.scm.brazilsouth-01.azurewebsites.net" User-Agent="GITHUBACTIONS_DeployWebAppToAzure_5e95d6022cf6a5888ffee81f589163d620e6495c5eb196937077d69850f0d7ef" Authorization="Bea..." Content-Type="application/json; charset=utf-8" Cookie="ARRAffinity=4674be82b396abaf83d02ae5cb9797e3302ed577226c6d832720658f6837fffe;Path=/;HttpOnly;Secure;Domain=hashingworkshoplogica-gjc2bhe2e8fpa3g3.scm.brazilsouth-01.azurewebsites.net; ARRAffinitySameSite=4674be82b396abaf83d02ae5cb9797e3302ed577226c6d832720658f6837fffe;Path=/;HttpOnly;SameSite=None;Secure;Domain=hashingworkshoplogica-gjc2bhe2e8fpa3g3.scm.brazilsouth-01.azurewebsites.net" Content-Length="0" X-ARR-LOG-ID="a37f03d6-25a2-41ba-887d-2951c2c78626" CLIENT-IP="172.208.152.214:27648" X-SITE-DEPLOYMENT-ID="HashingWorkshopLogica" WAS-DEFAULT-HOSTNAME="hashingworkshoplogica-gjc2bhe2e8fpa3g3.scm.brazilsouth-01.azurewebsites.net" X-Forwarded-Proto="https" X-AppService-Proto="https" X-Forwarded-TlsVersion="1.3" X-WAWS-Unencoded-URL="/api/deployments/latest?deployer=OneDeploy&amp;time=2025-11-23_21-15-29Z" X-Client-IP="172.208.152.214" X-Client-Port="27648" >
  <step title="Cleanup Xml Logs" date="2025-11-23T21:17:11.387" >
    <step title="Cleanup Infos" date="2025-11-23T21:17:11.578" totalFiles="276" totalCleanup="116" /><!-- duration: 81ms -->
  </step><!-- duration: 493ms -->
  <step title="DeploymentService.GetResult" date="2025-11-23T21:17:11.992" >
    <step title="DeploymentService.GetLatestDeployment" date="2025-11-23T21:17:12.051" >
      <step title="DeploymentManager.GetResults" date="2025-11-23T21:17:12.086" /><!-- duration: 2270ms -->
    </step><!-- duration: 2335ms -->
  </step><!-- duration: 2405ms -->
  <step title="Outgoing response" date="2025-11-23T21:17:14.415" type="response" statusCode="202" statusText="Accepted" /><!-- duration: 32ms -->
</step><!-- duration: 3120ms -->
