<step title="Incoming Request" date="2025-11-23T17:28:58.956" instance="4674be" url="/api/deployments/latest?deployer=OneDeploy&amp;time=2025-11-23_17-27-12Z" method="GET" type="request" pid="851,1,33" Host="hashingworkshoplogica-gjc2bhe2e8fpa3g3.scm.brazilsouth-01.azurewebsites.net" User-Agent="GITHUBACTIONS_DeployWebAppToAzure_5e95d6022cf6a5888ffee81f589163d620e6495c5eb196937077d69850f0d7ef" Authorization="Bea..." Content-Type="application/json; charset=utf-8" Cookie="ARRAffinity=4674be82b396abaf83d02ae5cb9797e3302ed577226c6d832720658f6837fffe;Path=/;HttpOnly;Secure;Domain=hashingworkshoplogica-gjc2bhe2e8fpa3g3.scm.brazilsouth-01.azurewebsites.net; ARRAffinitySameSite=4674be82b396abaf83d02ae5cb9797e3302ed577226c6d832720658f6837fffe;Path=/;HttpOnly;SameSite=None;Secure;Domain=hashingworkshoplogica-gjc2bhe2e8fpa3g3.scm.brazilsouth-01.azurewebsites.net" Content-Length="0" X-ARR-LOG-ID="0494098a-6a43-4a37-bd8b-098650f56102" CLIENT-IP="68.220.63.0:13314" X-SITE-DEPLOYMENT-ID="HashingWorkshopLogica" WAS-DEFAULT-HOSTNAME="hashingworkshoplogica-gjc2bhe2e8fpa3g3.scm.brazilsouth-01.azurewebsites.net" X-Forwarded-Proto="https" X-AppService-Proto="https" X-Forwarded-TlsVersion="1.3" X-WAWS-Unencoded-URL="/api/deployments/latest?deployer=OneDeploy&amp;time=2025-11-23_17-27-12Z" X-Client-IP="68.220.63.0" X-Client-Port="13314" >
  <step title="Cleanup Xml Logs" date="2025-11-23T17:28:58.970" >
    <step title="Cleanup Infos" date="2025-11-23T17:28:58.999" totalFiles="202" totalCleanup="42" /><!-- duration: 13ms -->
  </step><!-- duration: 89ms -->
  <step title="DeploymentService.GetResult" date="2025-11-23T17:28:59.128" >
    <step title="DeploymentService.GetLatestDeployment" date="2025-11-23T17:28:59.138" >
      <step title="DeploymentManager.GetResults" date="2025-11-23T17:28:59.150" /><!-- duration: 743ms -->
    </step><!-- duration: 775ms -->
  </step><!-- duration: 795ms -->
  <step title="Outgoing response" date="2025-11-23T17:28:59.935" type="response" statusCode="202" statusText="Accepted" /><!-- duration: 27ms -->
</step><!-- duration: 1027ms -->
