<step title="Incoming Request" date="2025-11-23T18:07:50.835" instance="4674be" url="/api/deployments/latest?deployer=OneDeploy&amp;time=2025-11-23_18-06-45Z" method="GET" type="request" pid="851,1,19" Host="hashingworkshoplogica-gjc2bhe2e8fpa3g3.scm.brazilsouth-01.azurewebsites.net" User-Agent="GITHUBACTIONS_DeployWebAppToAzure_5e95d6022cf6a5888ffee81f589163d620e6495c5eb196937077d69850f0d7ef" Authorization="Bea..." Content-Type="application/json; charset=utf-8" Cookie="ARRAffinity=4674be82b396abaf83d02ae5cb9797e3302ed577226c6d832720658f6837fffe;Path=/;HttpOnly;Secure;Domain=hashingworkshoplogica-gjc2bhe2e8fpa3g3.scm.brazilsouth-01.azurewebsites.net; ARRAffinitySameSite=4674be82b396abaf83d02ae5cb9797e3302ed577226c6d832720658f6837fffe;Path=/;HttpOnly;SameSite=None;Secure;Domain=hashingworkshoplogica-gjc2bhe2e8fpa3g3.scm.brazilsouth-01.azurewebsites.net" Content-Length="0" X-ARR-LOG-ID="f5c4b075-c6fa-4c53-8617-c5db9fe91519" CLIENT-IP="64.236.133.192:50177" X-SITE-DEPLOYMENT-ID="HashingWorkshopLogica" WAS-DEFAULT-HOSTNAME="hashingworkshoplogica-gjc2bhe2e8fpa3g3.scm.brazilsouth-01.azurewebsites.net" X-Forwarded-Proto="https" X-AppService-Proto="https" X-Forwarded-TlsVersion="1.3" X-WAWS-Unencoded-URL="/api/deployments/latest?deployer=OneDeploy&amp;time=2025-11-23_18-06-45Z" X-Client-IP="64.236.133.192" X-Client-Port="50177" >
  <step title="Cleanup Xml Logs" date="2025-11-23T18:07:50.847" >
    <step title="Cleanup Infos" date="2025-11-23T18:07:50.977" totalFiles="234" totalCleanup="74" /><!-- duration: 70ms -->
  </step><!-- duration: 242ms -->
  <step title="DeploymentService.GetResult" date="2025-11-23T18:07:51.179" >
    <step title="DeploymentService.GetLatestDeployment" date="2025-11-23T18:07:51.196" >
      <step title="DeploymentManager.GetResults" date="2025-11-23T18:07:51.209" /><!-- duration: 1396ms -->
    </step><!-- duration: 1439ms -->
  </step><!-- duration: 1468ms -->
  <step title="Outgoing response" date="2025-11-23T18:07:52.658" type="response" statusCode="202" statusText="Accepted" /><!-- duration: 18ms -->
</step><!-- duration: 1850ms -->
