<step title="Incoming Request" date="2025-11-23T17:27:10.996" instance="4674be" url="/api/publish?async=true&amp;deployer=GITHUB_ONE_DEPLOY&amp;type=zip&amp;message=%7B%22type%22%3A%22deployment%22%2C%22sha%22%3A%22ce5a097a3fa770bb6b13883c8a9880958b01131f%22%2C%22repoName%22%3A%22AlejandroBotero%2FWorkshops-LyR%22%2C%22actor%22%3A%22AlejandroBotero%22%2C%22slotName%22%3A%22Production%22%2C%22commitMessage%22%3A%22Remove%20expensive%20debug%20prints%20causing%20timeouts%22%7D" method="POST" type="request" pid="851,1,23" Host="hashingworkshoplogica-gjc2bhe2e8fpa3g3.scm.brazilsouth-01.azurewebsites.net" User-Agent="GITHUBACTIONS_DeployWebAppToAzure_5e95d6022cf6a5888ffee81f589163d620e6495c5eb196937077d69850f0d7ef" Authorization="Bea..." Content-Type="application/octet-stream" Cookie="ARRAffinity=4674be82b396abaf83d02ae5cb9797e3302ed577226c6d832720658f6837fffe;Path=/;HttpOnly;Secure;Domain=hashingworkshoplogica-gjc2bhe2e8fpa3g3.scm.brazilsouth-01.azurewebsites.net; ARRAffinitySameSite=4674be82b396abaf83d02ae5cb9797e3302ed577226c6d832720658f6837fffe;Path=/;HttpOnly;SameSite=None;Secure;Domain=hashingworkshoplogica-gjc2bhe2e8fpa3g3.scm.brazilsouth-01.azurewebsites.net" Transfer-Encoding="chunked" X-ARR-LOG-ID="d3ccdaf9-d003-4a7b-8d64-004865e44631" CLIENT-IP="68.220.63.0:13312" X-SITE-DEPLOYMENT-ID="HashingWorkshopLogica" WAS-DEFAULT-HOSTNAME="hashingworkshoplogica-gjc2bhe2e8fpa3g3.scm.brazilsouth-01.azurewebsites.net" X-Forwarded-Proto="https" X-AppService-Proto="https" X-Forwarded-TlsVersion="1.3" X-WAWS-Unencoded-URL="/api/publish?async=true&amp;deployer=GITHUB_ONE_DEPLOY&amp;type=zip&amp;message=%7B%22type%22%3A%22deployment%22%2C%22sha%22%3A%22ce5a097a3fa770bb6b13883c8a9880958b01131f%22%2C%22repoName%22%3A%22AlejandroBotero%2FWorkshops-LyR%22%2C%22actor%22%3A%22AlejandroBotero%22%2C%22slotName%22%3A%22Production%22%2C%22commitMessage%22%3A%22Remove%20expensive%20debug%20prints%20causing%20timeouts%22%7D" X-Client-IP="68.220.63.0" X-Client-Port="13312" >
  <step title="OneDeploy" date="2025-11-23T17:27:11.196" >
    <step title="Starting PushDeployAsync" date="2025-11-23T17:27:11.228" /><!-- duration: 39ms -->
    <step title="Writing artifact to /tmp/zipdeploy/6808f5c7-ac83-47ae-9f96-f748ed8c3734.zip" date="2025-11-23T17:27:11.349" >
      <step title="Writing multipart request body to /tmp/zipdeploy/6808f5c7-ac83-47ae-9f96-f748ed8c3734.zip" date="2025-11-23T17:27:11.379" /><!-- duration: 28ms -->
    </step><!-- duration: 120ms -->
    <step title="Removing previous build artifact&apos;s manifest file" date="2025-11-23T17:27:11.520" >
      <step title="Start deployment in the background" date="2025-11-23T17:27:11.590" >
        <step title="Acquiring Deployment Lock" date="2025-11-23T17:27:11.631" /><!-- duration: 9ms -->
        <step title="Acquired Deployment Lock" date="2025-11-23T17:27:11.709" /><!-- duration: 29ms -->
      </step><!-- duration: 470ms -->
    </step><!-- duration: 563ms -->
    <step title="Outgoing response" date="2025-11-23T17:27:12.087" type="response" statusCode="202" statusText="Accepted" /><!-- duration: 16ms -->
  </step><!-- duration: 924ms -->
