<step title="BackgroundTrace" date="2025-11-23T15:01:11.212" instance="4674be" url="/api/publish" method="POST" >
  <step title="Creating temporary deployment - FetchDeploymentManager" date="2025-11-23T15:01:11.267" /><!-- duration: 2ms -->
  <step title="Creating temporary deployment" date="2025-11-23T15:01:11.273" /><!-- duration: 85ms -->
  <step title="Performing fetch based deployment" date="2025-11-23T15:01:11.381" >
    <step title="Cleaning up temp folders from previous zip deployments and extracting pushed zip file /tmp/zipdeploy/c480a086-98b0-4edd-9c0f-c0c1c3c5b16e.zip (0.12 MB) to /tmp/zipdeploy/extracted" date="2025-11-23T15:01:12.566" >
      <step title="ChmodRecursive Process exited with total time taken in ms: 58" date="2025-11-23T15:01:12.820" /><!-- duration: 3ms -->
    </step><!-- duration: 267ms -->
    <step title="Deployment timer started" date="2025-11-23T15:01:14.862" >
      <step title="DeploymentManager.Deploy(id:6eeebe6b-501e-4de9-9507-47a4d64dd3d5)" date="2025-11-23T15:01:14.884" >
        <step title="Collecting changeset information" date="2025-11-23T15:01:14.995" /><!-- duration: 229ms -->
        <step title="Updating submodules" date="2025-11-23T15:01:15.229" /><!-- duration: 1176ms -->
        <step title="Determining deployment builder" date="2025-11-23T15:01:16.655" >
          <step title="Builder is OryxBuilder" date="2025-11-23T15:01:16.676" /><!-- duration: 11ms -->
        </step><!-- duration: 43ms -->
        <step title="PreDeployment: context.CleanOutputPath False" date="2025-11-23T15:01:16.767" >
          <step title="PreDeployment: context.OutputPath /home/site/wwwroot" date="2025-11-23T15:01:16.884" >
            <step title="Building" date="2025-11-23T15:01:17.073" >
              <step title="Executing external process" date="2025-11-23T15:01:17.590" type="process" path="bash" arguments="-c &quot;oryx build /tmp/zipdeploy/extracted -o /home/site/wwwroot --platform python --platform-version 3.14 -p virtualenv_name=antenv --log-file /tmp/build-debug.log  -i /tmp/8de2aa1271639e0 --compress-destination-dir | tee /tmp/oryx-build.log ; exit $PIPESTATUS &quot;" /><!-- duration: 115818ms -->
              <step title="Using PythonDeploymentLogParser" date="2025-11-23T15:03:13.814" /><!-- duration: 15ms -->
              <step title="Modified file to trigger a restart of the app container." date="2025-11-23T15:03:15.342" /><!-- duration: 2ms -->
              <step title="Skip function trigger and logicapp sync because function is not enabled." date="2025-11-23T15:03:15.349" /><!-- duration: 36ms -->
            </step><!-- duration: 119387ms -->
          </step><!-- duration: 119580ms -->
          <step title="Cleaning up temp files" date="2025-11-23T15:03:16.466" /><!-- duration: 1879ms -->
          <step title="Cleaning up temp files" date="2025-11-23T15:03:18.350" /><!-- duration: 514ms -->
          <step title="Reloading status file with latest updates" date="2025-11-23T15:03:18.896" >
            <step title="WebHooksManager.PublishEventAsync: PostDeployment" date="2025-11-23T15:03:18.900" /><!-- duration: 62ms -->
          </step><!-- duration: 70ms -->
          <step title="Cleaning up temporary deployment - fetch deployment was successful" date="2025-11-23T15:03:18.972" /><!-- duration: 3ms -->
        </step><!-- duration: 122277ms -->
      </step><!-- duration: 124174ms -->
