<step title="Incoming Request" date="2025-11-23T21:13:30.006" instance="4674be" url="/api/publish?async=true&amp;deployer=GITHUB_ONE_DEPLOY&amp;type=zip&amp;message=%7B%22type%22%3A%22deployment%22%2C%22sha%22%3A%2299291b5b9b0d5d0b4d12639fd5038e727c4dc544%22%2C%22repoName%22%3A%22AlejandroBotero%2FWorkshops-LyR%22%2C%22actor%22%3A%22AlejandroBotero%22%2C%22slotName%22%3A%22Production%22%2C%22commitMessage%22%3A%22Force%20redeploy%22%7D" method="POST" type="request" pid="851,1,57" Host="hashingworkshoplogica-gjc2bhe2e8fpa3g3.scm.brazilsouth-01.azurewebsites.net" User-Agent="GITHUBACTIONS_DeployWebAppToAzure_5e95d6022cf6a5888ffee81f589163d620e6495c5eb196937077d69850f0d7ef" Authorization="Bea..." Content-Type="application/octet-stream" Cookie="ARRAffinity=4674be82b396abaf83d02ae5cb9797e3302ed577226c6d832720658f6837fffe;Path=/;HttpOnly;Secure;Domain=hashingworkshoplogica-gjc2bhe2e8fpa3g3.scm.brazilsouth-01.azurewebsites.net; ARRAffinitySameSite=4674be82b396abaf83d02ae5cb9797e3302ed577226c6d832720658f6837fffe;Path=/;HttpOnly;SameSite=None;Secure;Domain=hashingworkshoplogica-gjc2bhe2e8fpa3g3.scm.brazilsouth-01.azurewebsites.net" Transfer-Encoding="chunked" X-ARR-LOG-ID="77641d40-1429-4c70-a33d-dda37d7c5546" CLIENT-IP="57.151.137.36:21536" X-SITE-DEPLOYMENT-ID="HashingWorkshopLogica" WAS-DEFAULT-HOSTNAME="hashingworkshoplogica-gjc2bhe2e8fpa3g3.scm.brazilsouth-01.azurewebsites.net" X-Forwarded-Proto="https" X-AppService-Proto="https" X-Forwarded-TlsVersion="1.3" X-WAWS-Unencoded-URL="/api/publish?async=true&amp;deployer=GITHUB_ONE_DEPLOY&amp;type=zip&amp;message=%7B%22type%22%3A%22deployment%22%2C%22sha%22%3A%2299291b5b9b0d5d0b4d12639fd5038e727c4dc544%22%2C%22repoName%22%3A%22AlejandroBotero%2FWorkshops-LyR%22%2C%22actor%22%3A%22AlejandroBotero%22%2C%22slotName%22%3A%22Production%22%2C%22commitMessage%22%3A%22Force%20redeploy%22%7D" X-Client-IP="57.151.137.36" X-Client-Port="21536" >
  <step title="OneDeploy" date="2025-11-23T21:13:30.050" >
    <step title="Starting PushDeployAsync" date="2025-11-23T21:13:30.074" /><!-- duration: 9ms -->
    <step title="Writing artifact to /tmp/zipdeploy/9b2c404a-6a3b-4fee-9ed8-247b5d31bf1a.zip" date="2025-11-23T21:13:30.106" >
      <step title="Writing multipart request body to /tmp/zipdeploy/9b2c404a-6a3b-4fee-9ed8-247b5d31bf1a.zip" date="2025-11-23T21:13:30.120" /><!-- duration: 3ms -->
    </step><!-- duration: 200ms -->
    <step title="Removing previous build artifact&apos;s manifest file" date="2025-11-23T21:13:30.311" >
      <step title="Start deployment in the background" date="2025-11-23T21:13:30.371" >
        <step title="Acquiring Deployment Lock" date="2025-11-23T21:13:30.476" /><!-- duration: 8ms -->
        <step title="Acquired Deployment Lock" date="2025-11-23T21:13:30.527" /><!-- duration: 3ms -->
      </step><!-- duration: 315ms -->
    </step><!-- duration: 393ms -->
    <step title="Outgoing response" date="2025-11-23T21:13:30.723" type="response" statusCode="202" statusText="Accepted" /><!-- duration: 10ms -->
  </step><!-- duration: 687ms -->
