<step title="Incoming Request" date="2025-11-23T17:13:33.286" instance="4674be" url="/api/publish?async=true&amp;deployer=GITHUB_ONE_DEPLOY&amp;type=zip&amp;message=%7B%22type%22%3A%22deployment%22%2C%22sha%22%3A%228113ee08575fa7a405bb88d34c2e3f391698e6fe%22%2C%22repoName%22%3A%22AlejandroBotero%2FWorkshops-LyR%22%2C%22actor%22%3A%22AlejandroBotero%22%2C%22slotName%22%3A%22Production%22%2C%22commitMessage%22%3A%22Fix%20Markov%20chain%20rendering%20and%20optimize%20service%20initialization%22%7D" method="POST" type="request" pid="851,1,35" Host="hashingworkshoplogica-gjc2bhe2e8fpa3g3.scm.brazilsouth-01.azurewebsites.net" User-Agent="GITHUBACTIONS_DeployWebAppToAzure_5e95d6022cf6a5888ffee81f589163d620e6495c5eb196937077d69850f0d7ef" Authorization="Bea..." Content-Type="application/octet-stream" Cookie="ARRAffinity=4674be82b396abaf83d02ae5cb9797e3302ed577226c6d832720658f6837fffe;Path=/;HttpOnly;Secure;Domain=hashingworkshoplogica-gjc2bhe2e8fpa3g3.scm.brazilsouth-01.azurewebsites.net; ARRAffinitySameSite=4674be82b396abaf83d02ae5cb9797e3302ed577226c6d832720658f6837fffe;Path=/;HttpOnly;SameSite=None;Secure;Domain=hashingworkshoplogica-gjc2bhe2e8fpa3g3.scm.brazilsouth-01.azurewebsites.net" Transfer-Encoding="chunked" X-ARR-LOG-ID="78e45902-e00a-4323-9424-25715ce83d29" CLIENT-IP="20.109.39.54:10240" X-SITE-DEPLOYMENT-ID="HashingWorkshopLogica" WAS-DEFAULT-HOSTNAME="hashingworkshoplogica-gjc2bhe2e8fpa3g3.scm.brazilsouth-01.azurewebsites.net" X-Forwarded-Proto="https" X-AppService-Proto="https" X-Forwarded-TlsVersion="1.3" X-WAWS-Unencoded-URL="/api/publish?async=true&amp;deployer=GITHUB_ONE_DEPLOY&amp;type=zip&amp;message=%7B%22type%22%3A%22deployment%22%2C%22sha%22%3A%228113ee08575fa7a405bb88d34c2e3f391698e6fe%22%2C%22repoName%22%3A%22AlejandroBotero%2FWorkshops-LyR%22%2C%22actor%22%3A%22AlejandroBotero%22%2C%22slotName%22%3A%22Production%22%2C%22commitMessage%22%3A%22Fix%20Markov%20chain%20rendering%20and%20optimize%20service%20initialization%22%7D" X-Client-IP="20.109.39.54" X-Client-Port="10240" >
  <step title="OneDeploy" date="2025-11-23T17:13:33.395" >
    <step title="Starting PushDeployAsync" date="2025-11-23T17:13:33.402" /><!-- duration: 4ms -->
    <step title="Writing artifact to /tmp/zipdeploy/71a5ee7c-4f42-42f6-bbee-f4b88c3cc286.zip" date="2025-11-23T17:13:33.447" >
      <step title="Writing multipart request body to /tmp/zipdeploy/71a5ee7c-4f42-42f6-bbee-f4b88c3cc286.zip" date="2025-11-23T17:13:33.450" /><!-- duration: 3ms -->
    </step><!-- duration: 123ms -->
    <step title="Removing previous build artifact&apos;s manifest file" date="2025-11-23T17:13:33.583" >
      <step title="Start deployment in the background" date="2025-11-23T17:13:33.622" >
        <step title="Acquiring Deployment Lock" date="2025-11-23T17:13:33.752" /><!-- duration: 3ms -->
        <step title="Acquired Deployment Lock" date="2025-11-23T17:13:33.789" /><!-- duration: 3ms -->
      </step><!-- duration: 252ms -->
    </step><!-- duration: 298ms -->
    <step title="Outgoing response" date="2025-11-23T17:13:33.890" type="response" statusCode="202" statusText="Accepted" /><!-- duration: 10ms -->
  </step><!-- duration: 508ms -->
