<step title="BackgroundTrace" date="2025-11-23T16:09:55.603" instance="4674be" url="/api/publish" method="POST" >
  <step title="Creating temporary deployment - FetchDeploymentManager" date="2025-11-23T16:09:55.783" /><!-- duration: 10ms -->
  <step title="Creating temporary deployment" date="2025-11-23T16:09:55.818" /><!-- duration: 118ms -->
  <step title="Performing fetch based deployment" date="2025-11-23T16:09:56.039" >
    <step title="Cleaning up temp folders from previous zip deployments and extracting pushed zip file /tmp/zipdeploy/58601e54-390b-41e5-9662-1470cd6b4b5d.zip (0.12 MB) to /tmp/zipdeploy/extracted" date="2025-11-23T16:09:57.380" >
      <step title="ChmodRecursive Process exited with total time taken in ms: 88" date="2025-11-23T16:09:57.619" /><!-- duration: 3ms -->
    </step><!-- duration: 246ms -->
    <step title="Deployment timer started" date="2025-11-23T16:09:59.632" >
      <step title="DeploymentManager.Deploy(id:a6e447fe-e598-4fce-a7f0-85dac4d1dc45)" date="2025-11-23T16:09:59.637" >
        <step title="Collecting changeset information" date="2025-11-23T16:09:59.666" /><!-- duration: 130ms -->
        <step title="Updating submodules" date="2025-11-23T16:09:59.800" /><!-- duration: 1126ms -->
        <step title="Determining deployment builder" date="2025-11-23T16:10:01.156" >
          <step title="Builder is OryxBuilder" date="2025-11-23T16:10:01.169" /><!-- duration: 19ms -->
        </step><!-- duration: 42ms -->
        <step title="PreDeployment: context.CleanOutputPath False" date="2025-11-23T16:10:01.272" >
          <step title="PreDeployment: context.OutputPath /home/site/wwwroot" date="2025-11-23T16:10:01.491" >
            <step title="Building" date="2025-11-23T16:10:01.902" >
              <step title="Executing external process" date="2025-11-23T16:10:02.656" type="process" path="bash" arguments="-c &quot;oryx build /tmp/zipdeploy/extracted -o /home/site/wwwroot --platform python --platform-version 3.14 -p virtualenv_name=antenv --log-file /tmp/build-debug.log  -i /tmp/8de2aaac17e2c86 --compress-destination-dir | tee /tmp/oryx-build.log ; exit $PIPESTATUS &quot;" /><!-- duration: 86074ms -->
              <step title="Using PythonDeploymentLogParser" date="2025-11-23T16:11:29.154" /><!-- duration: 5ms -->
              <step title="Modified file to trigger a restart of the app container." date="2025-11-23T16:11:30.488" /><!-- duration: 2ms -->
              <step title="Skip function trigger and logicapp sync because function is not enabled." date="2025-11-23T16:11:30.496" /><!-- duration: 8ms -->
            </step><!-- duration: 90256ms -->
          </step><!-- duration: 90674ms -->
          <step title="Cleaning up temp files" date="2025-11-23T16:11:32.168" /><!-- duration: 6908ms -->
          <step title="Cleaning up temp files" date="2025-11-23T16:11:39.097" /><!-- duration: 592ms -->
          <step title="Reloading status file with latest updates" date="2025-11-23T16:11:39.801" >
            <step title="WebHooksManager.PublishEventAsync: PostDeployment" date="2025-11-23T16:11:39.831" /><!-- duration: 142ms -->
          </step><!-- duration: 188ms -->
          <step title="Cleaning up temporary deployment - fetch deployment was successful" date="2025-11-23T16:11:40.021" /><!-- duration: 12ms -->
        </step><!-- duration: 98911ms -->
      </step><!-- duration: 100606ms -->
