﻿<?xml version="1.0" encoding="utf-8"?>
<deployment>
  <id>a5163996-133c-4726-86b9-9b90d3b8f905</id>
  <author>N/A</author>
  <deployer>OneDeploy</deployer>
  <authorEmail>N/A</authorEmail>
  <message>OneDeploy</message>
  <progress></progress>
  <status>Success</status>
  <statusText></statusText>
  <lastSuccessEndTime>2025-11-23T16:43:32.0215778Z</lastSuccessEndTime>
  <receivedTime>2025-11-23T16:41:31.577759Z</receivedTime>
  <startTime>2025-11-23T16:41:32.9467907Z</startTime>
  <endTime>2025-11-23T16:43:32.0215778Z</endTime>
  <complete>True</complete>
  <is_temp>False</is_temp>
  <is_readonly>True</is_readonly>
  <buildSummary />
</deployment>